"country","iso2","iso3","iso_numeric","g_whoregion","year","lab_sm","lab_sm_eqa","lab_sm_eqa_pass","lab_sm_led","lab_cul","lab_dst","lab_dst_eqa","lab_dst_eqa_pass","lab_lpa","lab_lpa_eqa","lab_xpert","lab_xpert_eqa","sldst_avail_incntry","sldst_avail_outcntry","collab_private_lab","collab_public_lab","nrl","nrl_srl_link","nrl_qms"
"Afghanistan","AF","AFG","004","EMR",2009,596,424,360,,,,,,,,,,0,0,,,1,,
"Afghanistan","AF","AFG","004","EMR",2010,600,476,396,,1,0,0,0,0,0,,,0,1,,,1,,
"Afghanistan","AF","AFG","004","EMR",2011,600,570,502,10,3,,,,,,,,0,1,,,1,,
"Afghanistan","AF","AFG","004","EMR",2012,603,0,0,10,2,0,,,0,,1,,0,1,1,1,1,1,
"Afghanistan","AF","AFG","004","EMR",2013,667,,,0,3,0,,,0,,1,,0,1,1,1,1,0,0
"Albania","AL","ALB","008","EUR",2009,,,,,,,,,,,,,0,0,,,1,,
"Albania","AL","ALB","008","EUR",2010,17,17,17,,1,1,1,1,0,0,,,0,0,,,1,,
"Albania","AL","ALB","008","EUR",2011,17,17,17,0,1,1,1,1,1,0,0,0,0,0,,,1,,
"Albania","AL","ALB","008","EUR",2012,15,15,15,0,1,1,0,0,1,0,0,0,0,0,0,0,1,1,
"Albania","AL","ALB","008","EUR",2013,16,8,8,0,1,1,1,1,1,0,0,0,0,0,0,0,1,1,1
"Algeria","DZ","DZA","012","AFR",2009,230,50,38,,26,3,2,2,1,1,,,1,0,,,1,,
"Algeria","DZ","DZA","012","AFR",2010,320,50,35,,40,3,0,0,1,0,,,1,0,,,1,,
"Algeria","DZ","DZA","012","AFR",2011,240,0,0,0,29,3,2,1,1,,1,,1,0,,,1,,
"Algeria","DZ","DZA","012","AFR",2012,240,0,0,0,29,2,2,2,1,1,1,1,1,0,0,0,1,1,
"Algeria","DZ","DZA","012","AFR",2013,240,,,,,,,,,,,,,,,,,,
"American Samoa","AS","ASM","016","WPR",2009,,,,,,,,,,,,,0,0,,,0,,
"American Samoa","AS","ASM","016","WPR",2010,,,,,,,,,,,,,1,0,,,0,,
"American Samoa","AS","ASM","016","WPR",2011,,,,,,,,,,,,,0,0,,,0,,
"American Samoa","AS","ASM","016","WPR",2012,,,,,,,,,,,,,,,,,,,
"American Samoa","AS","ASM","016","WPR",2013,,,,,,,,,,,,,,,,,,,
"Andorra","AD","AND","020","EUR",2009,,,,,,,,,,,,,1,0,,,1,,
"Andorra","AD","AND","020","EUR",2010,8,0,0,,8,8,0,0,0,0,,,1,0,,,1,,
"Andorra","AD","AND","020","EUR",2011,8,,,,8,8,,,,,,,1,1,,,1,,
"Andorra","AD","AND","020","EUR",2012,8,,,0,8,8,,,0,,0,,1,1,0,0,1,1,
"Andorra","AD","AND","020","EUR",2013,8,,,0,8,8,,,0,,0,,1,1,0,0,1,1,
"Angola","AO","AGO","024","AFR",2009,148,52,52,,1,1,0,0,0,0,,,0,0,,,1,,
"Angola","AO","AGO","024","AFR",2010,146,100,100,,1,1,0,0,0,0,,,0,,,,1,,
"Angola","AO","AGO","024","AFR",2011,143,126,126,0,3,3,3,3,0,0,0,0,0,1,,,1,,
"Angola","AO","AGO","024","AFR",2012,131,,,,2,2,,,,,,,1,,1,,1,1,
"Angola","AO","AGO","024","AFR",2013,95,95,95,9,2,2,2,2,0,0,0,0,0,1,1,1,1,1,0
"Anguilla","AI","AIA","660","AMR",2009,,,,,,,,,,,,,,,,,,,
"Anguilla","AI","AIA","660","AMR",2010,,,,,,,,,,,,,0,0,,,0,,
"Anguilla","AI","AIA","660","AMR",2011,,,,,,,,,,,,,0,0,,,0,,
"Anguilla","AI","AIA","660","AMR",2012,,,,,,,,,,,,,0,0,,,0,,
"Anguilla","AI","AIA","660","AMR",2013,,,,,,,,,,,,,0,0,,,0,,
"Antigua and Barbuda","AG","ATG","028","AMR",2009,,,,,,,,,,,,,0,1,,,1,,
"Antigua and Barbuda","AG","ATG","028","AMR",2010,,,,,,,,,,,,,0,1,,,1,,
"Antigua and Barbuda","AG","ATG","028","AMR",2011,,,,,,,,,,,,,,1,,,1,,
"Antigua and Barbuda","AG","ATG","028","AMR",2012,,,,,,,,,,,,,0,1,,,1,1,
"Antigua and Barbuda","AG","ATG","028","AMR",2013,,,,,,,,,,,,,0,1,,,0,,
"Argentina","AR","ARG","032","AMR",2009,741,69,,,119,16,12,11,0,0,,,1,,,,1,,
"Argentina","AR","ARG","032","AMR",2010,699,168,146,,115,17,15,14,0,0,,,1,1,,,1,,
"Argentina","AR","ARG","032","AMR",2011,708,188,181,0,103,17,8,8,0,0,0,0,1,0,,,1,,
"Argentina","AR","ARG","032","AMR",2012,688,180,172,0,103,16,12,3,0,,0,,1,0,1,1,1,1,
"Argentina","AR","ARG","032","AMR",2013,697,257,251,1,151,17,11,9,1,0,0,0,1,0,1,1,1,1,0
"Armenia","AM","ARM","051","EUR",2009,57,15,14,,1,1,1,1,0,,,,0,0,,,1,,
"Armenia","AM","ARM","051","EUR",2010,44,24,22,,1,1,1,,1,1,,,1,0,,,1,,
"Armenia","AM","ARM","051","EUR",2011,30,29,29,0,1,1,1,1,1,1,0,0,1,0,,,1,,
"Armenia","AM","ARM","051","EUR",2012,30,30,26,0,1,1,1,1,1,1,0,0,1,0,0,0,1,1,
"Armenia","AM","ARM","051","EUR",2013,29,29,26,1,1,1,1,1,1,1,2,0,1,0,0,0,1,1,0
"Aruba","AW","ABW","533","AMR",2009,,,,,,,,,,,,,,,,,,,
"Aruba","AW","ABW","533","AMR",2010,,,,,,,,,,,,,,,,,,,
"Aruba","AW","ABW","533","AMR",2011,,,,,,,,,,,,,0,0,,,1,,
"Aruba","AW","ABW","533","AMR",2012,,,,,,,,,,,,,0,1,,,1,0,
"Aruba","AW","ABW","533","AMR",2013,,,,,,,,,,,,,0,1,,,1,0,
"Australia","AU","AUS","036","WPR",2009,,,,,,,,,,,,,1,0,,,1,,
"Australia","AU","AUS","036","WPR",2010,,,,,,,,,,,,,1,0,,,1,,
"Australia","AU","AUS","036","WPR",2011,,,,,,,,,,,,,1,0,,,1,,
"Australia","AU","AUS","036","WPR",2012,,,,,,,,,,,,,1,0,,,1,1,
"Australia","AU","AUS","036","WPR",2013,,,,,,,,,,,,,1,0,,,1,1,1
"Austria","AT","AUT","040","EUR",2009,,,,,,,,,,,,,,,,,,,
"Austria","AT","AUT","040","EUR",2010,,,,,,,,,,,,,,,,,,,
"Austria","AT","AUT","040","EUR",2011,,,,,,,,,,,,,,,,,,,
"Austria","AT","AUT","040","EUR",2012,,,,,,,,,,,,,,,,,,,
"Austria","AT","AUT","040","EUR",2013,,,,,,,,,,,,,,,,,,,
"Azerbaijan","AZ","AZE","031","EUR",2009,69,,,,2,2,1,1,,,,,1,0,,,1,,
"Azerbaijan","AZ","AZE","031","EUR",2010,,,,,,,,,,,,,,,,,,,
"Azerbaijan","AZ","AZE","031","EUR",2011,72,1,1,1,6,2,2,2,2,2,2,0,1,,,,1,,
"Azerbaijan","AZ","AZE","031","EUR",2012,72,11,11,3,7,3,3,3,1,,7,2,1,,0,0,1,1,
"Azerbaijan","AZ","AZE","031","EUR",2013,64,24,24,3,7,2,1,1,3,,11,,1,,0,0,1,1,1
"Bahamas","BS","BHS","044","AMR",2009,,,,,,,,,,,,,1,1,,,1,,
"Bahamas","BS","BHS","044","AMR",2010,,,,,,,,,,,,,0,1,,,1,,
"Bahamas","BS","BHS","044","AMR",2011,,,,,,,,,,,,,0,1,,,1,,
"Bahamas","BS","BHS","044","AMR",2012,,,,,,,,,,,,,0,1,,,1,1,
"Bahamas","BS","BHS","044","AMR",2013,,,,,,,,,,,,,0,1,,,1,1,1
"Bahrain","BH","BHR","048","EMR",2009,18,2,2,,2,1,1,1,1,1,,,0,1,,,0,,
"Bahrain","BH","BHR","048","EMR",2010,18,3,3,,2,1,1,1,1,1,,,0,1,,,0,,
"Bahrain","BH","BHR","048","EMR",2011,18,1,1,,2,1,1,1,1,0,1,0,0,1,,,1,,
"Bahrain","BH","BHR","048","EMR",2012,18,1,1,2,2,1,1,1,2,1,1,1,0,1,0,0,0,,
"Bahrain","BH","BHR","048","EMR",2013,,,,,,,,,,,,,1,,,,1,1,1
"Bangladesh","BD","BGD","050","SEA",2009,1000,997,997,,1,1,1,1,,,,,0,0,,,1,,
"Bangladesh","BD","BGD","050","SEA",2010,1050,1050,820,,3,2,2,,0,0,,,0,1,,,1,,
"Bangladesh","BD","BGD","050","SEA",2011,1057,1057,994,14,3,2,2,2,0,0,0,0,0,1,,,1,,
"Bangladesh","BD","BGD","050","SEA",2012,1070,1070,1009,26,3,3,3,3,1,0,12,0,0,1,1,1,1,1,
"Bangladesh","BD","BGD","050","SEA",2013,1085,1085,1025,187,3,3,2,2,1,0,26,0,1,1,1,1,1,1,1
"Barbados","BB","BRB","052","AMR",2009,,,,,,,,,,,,,0,1,,,1,,
"Barbados","BB","BRB","052","AMR",2010,,,,,,,,,,,,,0,1,,,1,,
"Barbados","BB","BRB","052","AMR",2011,,,,,,,,,,,,,0,1,,,1,,
"Barbados","BB","BRB","052","AMR",2012,,,,,,,,,,,,,0,1,,,1,1,
"Barbados","BB","BRB","052","AMR",2013,,,,,,,,,,,,,0,1,,,1,1,1
"Belarus","BY","BLR","112","EUR",2009,,,,,,,,,,,,,,,,,1,,
"Belarus","BY","BLR","112","EUR",2010,,,,,,,,,,,,,,,,,,,
"Belarus","BY","BLR","112","EUR",2011,196,196,177,3,41,20,20,20,1,0,0,0,1,0,,,1,,
"Belarus","BY","BLR","112","EUR",2012,196,196,183,3,29,8,8,8,8,8,8,8,1,0,0,0,1,1,
"Belarus","BY","BLR","112","EUR",2013,154,154,131,3,29,8,8,8,8,8,8,8,1,0,0,0,1,1,0
"Belgium","BE","BEL","056","EUR",2009,,,,,,,,,,,,,1,0,,,1,,
"Belgium","BE","BEL","056","EUR",2010,115,0,,,114,14,14,14,5,1,,,1,0,,,1,,
"Belgium","BE","BEL","056","EUR",2011,115,3,3,,114,15,15,15,8,,6,,1,,,,1,,
"Belgium","BE","BEL","056","EUR",2012,115,105,92,,114,14,14,14,8,,19,0,1,,1,1,1,1,
"Belgium","BE","BEL","056","EUR",2013,112,105,92,,114,14,14,14,,,,,1,0,1,1,1,1,1
"Belize","BZ","BLZ","084","AMR",2009,,,,,,,,,,,,,0,1,,,0,,
"Belize","BZ","BLZ","084","AMR",2010,4,0,,,0,0,0,0,0,0,,,0,1,,,0,,
"Belize","BZ","BLZ","084","AMR",2011,2,0,,1,0,0,0,,0,0,0,0,0,1,,,1,,
"Belize","BZ","BLZ","084","AMR",2012,3,1,1,0,0,0,0,0,0,0,0,0,0,1,1,1,0,,
"Belize","BZ","BLZ","084","AMR",2013,7,0,0,0,0,0,0,0,0,0,0,0,0,1,1,,1,1,1
"Benin","BJ","BEN","204","AFR",2009,57,,,,1,1,,,,,,,1,,,,1,,
"Benin","BJ","BEN","204","AFR",2010,61,61,58,,1,1,1,1,1,0,,,1,,,,,,
"Benin","BJ","BEN","204","AFR",2011,59,59,49,7,1,1,1,1,1,0,0,0,1,0,,,1,,
"Benin","BJ","BEN","204","AFR",2012,77,57,52,7,1,1,1,1,1,1,1,0,1,1,0,0,1,1,
"Benin","BJ","BEN","204","AFR",2013,78,78,73,7,1,1,1,1,1,1,1,1,1,1,1,1,1,1,1
"Bermuda","BM","BMU","060","AMR",2009,,,,,,,,,,,,,,,,,,,
"Bermuda","BM","BMU","060","AMR",2010,,,,,,,,,,,,,0,1,,,1,,
"Bermuda","BM","BMU","060","AMR",2011,,,,,,,,,,,,,0,1,,,1,,
"Bermuda","BM","BMU","060","AMR",2012,,,,,,,,,,,,,0,1,,,1,1,
"Bermuda","BM","BMU","060","AMR",2013,,,,,,,,,,,,,0,1,,,1,1,1
"Bhutan","BT","BTN","064","SEA",2009,30,30,28,,1,1,1,1,0,0,,,1,1,,,1,,
"Bhutan","BT","BTN","064","SEA",2010,32,32,25,,1,1,1,1,0,0,,,0,1,,,1,,
"Bhutan","BT","BTN","064","SEA",2011,34,34,32,,1,1,1,1,,,,,0,1,,,1,,
"Bhutan","BT","BTN","064","SEA",2012,35,35,35,0,1,1,1,1,,,,,0,1,0,0,1,1,
"Bhutan","BT","BTN","064","SEA",2013,35,35,32,,1,1,1,1,,,,,1,1,0,1,1,1,1
"Bolivia (Plurinational State of)","BO","BOL","068","AMR",2009,509,509,432,,26,1,1,1,,,,,0,1,,,1,,
"Bolivia (Plurinational State of)","BO","BOL","068","AMR",2010,500,500,500,,41,1,1,1,1,1,,,0,1,,,1,,
"Bolivia (Plurinational State of)","BO","BOL","068","AMR",2011,531,487,487,,49,1,1,1,1,1,,,0,1,,,0,,
"Bolivia (Plurinational State of)","BO","BOL","068","AMR",2012,531,497,403,0,52,1,1,1,0,0,0,0,0,1,1,1,1,1,
"Bolivia (Plurinational State of)","BO","BOL","068","AMR",2013,559,503,420,2,73,2,1,1,0,0,0,0,0,1,1,1,1,1,1
"Bonaire, Saint Eustatius and Saba","BQ","BES","535","AMR",2010,,,,,,,,,,,,,0,1,,,1,,
"Bonaire, Saint Eustatius and Saba","BQ","BES","535","AMR",2011,,,,,,,,,,,,,0,1,,,1,,
"Bonaire, Saint Eustatius and Saba","BQ","BES","535","AMR",2012,,,,,,,,,,,,,0,1,,,1,1,
"Bonaire, Saint Eustatius and Saba","BQ","BES","535","AMR",2013,,,,,,,,,,,,,0,1,,,1,1,1
"Bosnia and Herzegovina","BA","BIH","070","EUR",2009,3,0,0,,13,5,0,0,1,0,,,0,0,,,1,,
"Bosnia and Herzegovina","BA","BIH","070","EUR",2010,4,4,4,,11,4,4,4,0,0,,,0,1,,,1,,
"Bosnia and Herzegovina","BA","BIH","070","EUR",2011,15,15,15,2,13,4,4,4,3,1,0,0,0,1,,,1,,
"Bosnia and Herzegovina","BA","BIH","070","EUR",2012,15,15,15,15,13,3,3,3,0,0,0,0,0,1,0,0,1,1,
"Bosnia and Herzegovina","BA","BIH","070","EUR",2013,15,15,15,2,13,4,4,4,3,1,0,0,0,1,0,0,1,1,1
"Botswana","BW","BWA","072","AFR",2009,44,42,34,,1,1,1,1,0,0,,,0,1,,,1,,
"Botswana","BW","BWA","072","AFR",2010,56,56,54,,1,1,1,1,0,0,,,0,1,,,1,,
"Botswana","BW","BWA","072","AFR",2011,52,52,47,1,1,1,1,1,0,0,0,0,0,1,,,1,,
"Botswana","BW","BWA","072","AFR",2012,52,52,48,11,1,1,1,1,1,1,5,5,0,1,1,1,1,1,
"Botswana","BW","BWA","072","AFR",2013,52,42,38,11,1,1,1,1,1,,31,20,1,0,0,0,1,1,1
"Brazil","BR","BRA","076","AMR",2009,4092,1613,1129,,224,44,27,25,0,0,,,1,1,,,1,,
"Brazil","BR","BRA","076","AMR",2010,3912,1690,1605,,252,39,28,21,0,0,,,1,1,,,1,,
"Brazil","BR","BRA","076","AMR",2011,4028,1312,1051,2,306,45,30,23,0,0,0,0,1,,,,1,,
"Brazil","BR","BRA","076","AMR",2012,4000,1610,1500,,220,35,35,35,8,,13,,1,0,0,1,1,1,
"Brazil","BR","BRA","076","AMR",2013,3026,1175,829,1,345,39,6,5,0,0,0,0,1,0,0,1,1,1,1
"British Virgin Islands","VG","VGB","092","AMR",2009,,,,,,,,,,,,,,,,,,,
"British Virgin Islands","VG","VGB","092","AMR",2010,,,,,,,,,,,,,0,1,,,1,,
"British Virgin Islands","VG","VGB","092","AMR",2011,,,,,,,,,,,,,0,1,,,1,,
"British Virgin Islands","VG","VGB","092","AMR",2012,,,,,,,,,,,,,0,1,,,1,1,
"British Virgin Islands","VG","VGB","092","AMR",2013,,,,,,,,,,,,,0,1,,,1,1,0
"Brunei Darussalam","BN","BRN","096","WPR",2009,1,1,1,,1,1,0,0,0,0,,,0,0,,,1,,
"Brunei Darussalam","BN","BRN","096","WPR",2010,1,1,1,,1,1,0,0,1,0,,,0,0,,,1,,
"Brunei Darussalam","BN","BRN","096","WPR",2011,1,1,1,0,1,1,1,1,1,1,0,0,0,,,,1,,
"Brunei Darussalam","BN","BRN","096","WPR",2012,1,1,1,0,1,1,1,1,1,1,0,0,0,1,0,0,1,1,
"Brunei Darussalam","BN","BRN","096","WPR",2013,1,1,1,0,1,1,0,0,1,1,0,0,0,1,0,0,1,1,1
"Bulgaria","BG","BGR","100","EUR",2009,36,36,36,,33,22,1,1,1,1,,,0,1,,,1,,
"Bulgaria","BG","BGR","100","EUR",2010,36,36,36,,30,21,4,4,1,1,,,0,1,,,1,,
"Bulgaria","BG","BGR","100","EUR",2011,34,34,34,,33,13,4,4,3,1,0,0,1,0,,,1,,
"Bulgaria","BG","BGR","100","EUR",2012,34,34,34,0,31,14,4,4,4,1,0,0,1,0,0,0,1,1,
"Bulgaria","BG","BGR","100","EUR",2013,34,34,34,13,30,12,4,4,4,1,0,0,1,0,0,0,1,1,1
"Burkina Faso","BF","BFA","854","AFR",2009,110,108,67,,0,0,0,0,0,0,,,0,1,,,1,,
"Burkina Faso","BF","BFA","854","AFR",2010,108,105,82,,1,0,0,0,0,0,,,0,1,,,1,,
"Burkina Faso","BF","BFA","854","AFR",2011,111,111,91,0,1,1,0,0,0,0,0,0,0,1,,,1,,
"Burkina Faso","BF","BFA","854","AFR",2012,111,111,91,0,1,1,0,0,3,1,0,0,0,1,0,0,1,1,
"Burkina Faso","BF","BFA","854","AFR",2013,113,113,96,0,3,0,0,0,1,1,1,1,0,0,0,0,1,1,0
"Burundi","BI","BDI","108","AFR",2009,166,165,160,,1,0,0,0,0,0,,,0,0,,,1,,
"Burundi","BI","BDI","108","AFR",2010,167,167,108,,1,1,0,0,0,0,,,0,1,,,1,,
"Burundi","BI","BDI","108","AFR",2011,169,169,169,15,1,0,0,0,0,0,0,0,0,1,,,1,,
"Burundi","BI","BDI","108","AFR",2012,170,170,170,16,1,0,0,0,0,0,0,0,0,1,0,0,1,1,
"Burundi","BI","BDI","108","AFR",2013,170,170,148,15,1,1,1,1,0,0,1,0,1,1,0,0,1,1,1
"Cabo Verde","CV","CPV","132","AFR",2009,16,0,0,,0,0,0,0,0,0,,,0,1,,,1,,
"Cabo Verde","CV","CPV","132","AFR",2010,16,0,0,,0,0,0,0,0,0,,,0,1,,,1,,
"Cabo Verde","CV","CPV","132","AFR",2011,16,0,0,0,0,0,,,0,,0,,0,1,,,1,,
"Cabo Verde","CV","CPV","132","AFR",2012,16,0,0,0,0,0,0,0,0,0,1,1,0,1,1,1,1,1,
"Cabo Verde","CV","CPV","132","AFR",2013,16,0,0,0,0,0,0,0,0,0,1,1,0,1,1,1,1,1,0
"Cambodia","KH","KHM","116","WPR",2009,204,201,161,,3,1,1,1,0,0,,,0,1,,,1,,
"Cambodia","KH","KHM","116","WPR",2010,209,207,180,,3,1,1,1,0,0,,,0,1,,,1,,
"Cambodia","KH","KHM","116","WPR",2011,211,207,185,18,3,1,1,1,0,0,1,0,0,1,,,1,,
"Cambodia","KH","KHM","116","WPR",2012,214,210,184,21,3,1,1,1,0,0,6,5,0,0,1,1,1,1,
"Cambodia","KH","KHM","116","WPR",2013,215,212,190,29,4,1,1,1,0,0,10,9,0,0,1,,1,1,0
"Cameroon","CM","CMR","120","AFR",2009,216,216,175,,3,2,2,2,0,0,,,1,1,,,1,,
"Cameroon","CM","CMR","120","AFR",2010,216,216,175,,3,2,2,2,0,0,,,1,1,,,1,,
"Cameroon","CM","CMR","120","AFR",2011,217,217,217,9,4,2,2,2,1,1,1,0,1,1,,,1,,
"Cameroon","CM","CMR","120","AFR",2012,230,230,196,10,4,2,2,2,2,2,1,1,1,0,0,0,1,1,
"Cameroon","CM","CMR","120","AFR",2013,238,145,113,3,3,3,0,0,2,0,3,0,1,,0,0,1,1,0
"Canada","CA","CAN","124","AMR",2009,,,,,,,,,,,,,1,1,,,1,,
"Canada","CA","CAN","124","AMR",2010,,,,,,,,,,,,,1,1,,,1,,
"Canada","CA","CAN","124","AMR",2011,,,,,,,,,,,,,1,1,,,1,,
"Canada","CA","CAN","124","AMR",2012,,,,,,,,,,,,,1,0,,,1,0,
"Canada","CA","CAN","124","AMR",2013,,,,,,,,,,,,,1,0,,,1,0,
"Cayman Islands","KY","CYM","136","AMR",2009,,,,,,,,,,,,,,,,,,,
"Cayman Islands","KY","CYM","136","AMR",2010,,,,,,,,,,,,,0,1,,,1,,
"Cayman Islands","KY","CYM","136","AMR",2011,,,,,,,,,,,,,0,1,,,1,,
"Cayman Islands","KY","CYM","136","AMR",2012,,,,,,,,,,,,,0,1,,,1,1,
"Cayman Islands","KY","CYM","136","AMR",2013,,,,,,,,,,,,,0,1,,,1,1,1
"Central African Republic","CF","CAF","140","AFR",2009,72,0,0,,1,1,,,0,,,,0,0,,,1,,
"Central African Republic","CF","CAF","140","AFR",2010,73,0,0,,1,1,1,1,0,0,,,0,0,,,1,,
"Central African Republic","CF","CAF","140","AFR",2011,72,1,1,0,1,1,1,1,1,0,0,0,0,,,,1,,
"Central African Republic","CF","CAF","140","AFR",2012,72,67,40,0,1,1,1,1,0,0,1,1,0,0,1,0,1,1,
"Central African Republic","CF","CAF","140","AFR",2013,71,0,0,0,1,1,1,1,0,0,1,1,0,0,0,0,1,1,1
"Chad","TD","TCD","148","AFR",2009,59,31,20,,0,0,0,0,0,0,,,0,0,,,1,,
"Chad","TD","TCD","148","AFR",2010,57,19,17,,0,0,0,0,0,0,,,0,0,,,1,,
"Chad","TD","TCD","148","AFR",2011,57,21,17,0,0,0,0,0,0,0,0,0,0,0,,,1,,
"Chad","TD","TCD","148","AFR",2012,69,13,11,0,0,0,0,0,0,0,0,0,0,0,1,0,1,0,
"Chad","TD","TCD","148","AFR",2013,72,10,9,1,0,0,0,0,0,0,2,0,0,0,0,0,1,0,0
"Chile","CL","CHL","152","AMR",2009,281,161,155,,50,1,1,1,0,0,,,1,0,,,1,,
"Chile","CL","CHL","152","AMR",2010,251,192,192,,66,1,1,1,0,0,,,1,0,,,1,,
"Chile","CL","CHL","152","AMR",2011,156,,,6,40,1,1,1,1,1,0,0,1,0,,,1,,
"Chile","CL","CHL","152","AMR",2012,169,157,156,0,39,1,1,1,1,1,1,0,1,0,0,0,1,0,
"Chile","CL","CHL","152","AMR",2013,254,221,218,0,40,1,1,1,1,1,2,0,1,0,1,0,1,0,0
"China","CN","CHN","156","WPR",2009,3328,3328,3309,,829,129,87,86,3,0,,,1,1,,,1,,
"China","CN","CHN","156","WPR",2010,3328,3328,3221,,894,195,118,118,8,8,,,1,,,,1,,
"China","CN","CHN","156","WPR",2011,3328,3128,3073,55,594,195,125,120,20,5,16,5,1,0,,,1,,
"China","CN","CHN","156","WPR",2012,3328,3203,3171,55,1014,190,133,127,21,21,16,0,1,0,0,1,1,1,
"China","CN","CHN","156","WPR",2013,3328,3018,2990,1087,1284,249,249,196,133,2,160,0,1,,0,1,1,1,1
"China, Hong Kong SAR","HK","HKG","344","WPR",2009,26,21,21,,20,3,1,1,1,0,,,1,0,,,1,,
"China, Hong Kong SAR","HK","HKG","344","WPR",2010,26,21,21,,20,3,1,1,1,0,,,1,0,,,1,,
"China, Hong Kong SAR","HK","HKG","344","WPR",2011,31,31,31,1,20,3,1,1,11,0,9,0,1,0,,,1,,
"China, Hong Kong SAR","HK","HKG","344","WPR",2012,31,31,31,1,13,2,2,2,2,0,9,0,1,0,1,1,1,1,
"China, Hong Kong SAR","HK","HKG","344","WPR",2013,31,31,31,7,16,2,2,2,3,1,12,1,1,0,1,1,1,1,1
"China, Macao SAR","MO","MAC","446","WPR",2009,8,1,1,,1,1,1,1,1,1,,,1,1,,,0,,
"China, Macao SAR","MO","MAC","446","WPR",2010,8,1,1,,1,1,1,1,1,1,,,1,,,,0,,
"China, Macao SAR","MO","MAC","446","WPR",2011,,,,,,,,,,,,,,,,,0,,
"China, Macao SAR","MO","MAC","446","WPR",2012,2,2,2,0,1,1,0,0,0,0,0,0,1,0,0,1,0,,
"China, Macao SAR","MO","MAC","446","WPR",2013,2,2,2,0,1,1,0,0,0,0,0,0,1,0,0,1,0,,
"Colombia","CO","COL","170","AMR",2009,2433,2403,2163,,1286,4,4,4,,,,,1,0,,,1,,
"Colombia","CO","COL","170","AMR",2010,3659,3659,3659,,1256,7,7,5,0,0,,,1,1,,,1,,
"Colombia","CO","COL","170","AMR",2011,3659,3659,3659,0,1256,5,5,5,3,0,1,0,1,0,,,1,,
"Colombia","CO","COL","170","AMR",2012,2661,2661,2661,5,1189,4,4,4,5,5,4,,1,0,1,1,1,1,
"Colombia","CO","COL","170","AMR",2013,2633,1966,1824,5,1052,4,4,4,8,8,10,0,1,0,1,1,1,1,1
"Comoros","KM","COM","174","AFR",2009,,,,,,,,,,,,,0,0,,,1,,
"Comoros","KM","COM","174","AFR",2010,,,,,,,,,,,,,,,,,,,
"Comoros","KM","COM","174","AFR",2011,,,,,,,,,,,,,0,0,,,1,,
"Comoros","KM","COM","174","AFR",2012,,,,,,,,,,,,,0,,,,1,1,
"Comoros","KM","COM","174","AFR",2013,,,,,,,,,,,,,0,0,,,1,1,1
"Congo","CG","COG","178","AFR",2009,24,0,0,,0,0,0,0,0,0,,,0,1,,,1,,
"Congo","CG","COG","178","AFR",2010,24,0,0,,0,0,0,0,0,0,,,0,0,,,1,,
"Congo","CG","COG","178","AFR",2011,31,0,0,0,0,0,0,0,0,0,0,0,0,0,,,1,,
"Congo","CG","COG","178","AFR",2012,33,2,2,1,,,,,,,,,0,0,1,0,1,1,
"Congo","CG","COG","178","AFR",2013,42,8,8,1,0,0,0,0,0,0,1,1,0,0,1,1,1,0,0
"Cook Islands","CK","COK","184","WPR",2009,,,,,,,,,,,,,0,1,,,0,,
"Cook Islands","CK","COK","184","WPR",2010,,,,,,,,,,,,,0,1,,,1,,
"Cook Islands","CK","COK","184","WPR",2011,,,,,,,,,,,,,0,1,,,1,,
"Cook Islands","CK","COK","184","WPR",2012,,,,,,,,,,,,,0,1,,,1,1,
"Cook Islands","CK","COK","184","WPR",2013,,,,,,,,,,,,,0,1,,,1,1,1
"Costa Rica","CR","CRI","188","AMR",2009,,,,,,,,,,,,,1,,,,1,,
"Costa Rica","CR","CRI","188","AMR",2010,,,,,,,,,,,,,,,,,,,
"Costa Rica","CR","CRI","188","AMR",2011,108,100,88,0,20,1,1,1,0,0,2,0,0,1,,,1,,
"Costa Rica","CR","CRI","188","AMR",2012,105,105,,0,14,1,0,0,0,0,4,4,0,0,1,1,1,1,
"Costa Rica","CR","CRI","188","AMR",2013,105,105,105,0,14,1,0,0,0,0,4,4,0,1,1,1,1,1,1
"Côte d'Ivoire","CI","CIV","384","AFR",2009,111,72,63,,1,1,0,0,0,0,,,0,0,,,1,,
"Côte d'Ivoire","CI","CIV","384","AFR",2010,115,115,95,,1,1,0,0,0,0,,,0,0,,,1,,
"Côte d'Ivoire","CI","CIV","384","AFR",2011,120,0,,0,2,2,0,,0,0,0,0,0,0,,,1,,
"Côte d'Ivoire","CI","CIV","384","AFR",2012,121,121,79,0,2,2,0,0,0,0,0,0,0,0,1,1,1,0,
"Côte d'Ivoire","CI","CIV","384","AFR",2013,132,120,115,1,2,2,0,,2,0,2,0,0,0,0,0,1,1,0
"Croatia","HR","HRV","191","EUR",2009,,,,,,,,,,,,,,,,,,,
"Croatia","HR","HRV","191","EUR",2010,,,,,,,,,,,,,,,,,,,
"Croatia","HR","HRV","191","EUR",2011,14,14,0,0,14,6,6,0,1,1,1,1,1,,,,1,,
"Croatia","HR","HRV","191","EUR",2012,,,,,,,,,,,,,,,,,,,
"Croatia","HR","HRV","191","EUR",2013,,,,,,,,,,,,,,,,,,,
"Cuba","CU","CUB","192","AMR",2009,,,,,,,,,,,,,1,,,,1,,
"Cuba","CU","CUB","192","AMR",2010,,,,,,,,,,,,,1,0,,,1,,
"Cuba","CU","CUB","192","AMR",2011,,,,,,,,,,,,,1,0,,,1,,
"Cuba","CU","CUB","192","AMR",2012,,,,,,,,,,,,,0,0,,,1,1,
"Cuba","CU","CUB","192","AMR",2013,,,,,,,,,,,,,1,0,,,1,1,1
"Curaçao","CW","CUW","531","AMR",2010,,,,,,,,,,,,,0,1,,,1,,
"Curaçao","CW","CUW","531","AMR",2011,,,,,,,,,,,,,,1,,,1,,
"Curaçao","CW","CUW","531","AMR",2012,,,,,,,,,,,,,0,1,,,1,1,
"Curaçao","CW","CUW","531","AMR",2013,,,,,,,,,,,,,1,1,,,1,1,1
"Cyprus","CY","CYP","196","EUR",2009,,,,,,,,,,,,,,,,,,,
"Cyprus","CY","CYP","196","EUR",2010,,,,,,,,,,,,,,,,,,,
"Cyprus","CY","CYP","196","EUR",2011,,,,,,,,,,,,,,,,,,,
"Cyprus","CY","CYP","196","EUR",2012,,,,,,,,,,,,,,,,,,,
"Cyprus","CY","CYP","196","EUR",2013,,,,,,,,,,,,,,,,,,,
"Czech Republic","CZ","CZE","203","EUR",2009,,,,,,,,,,,,,1,0,,,1,,
"Czech Republic","CZ","CZE","203","EUR",2010,44,42,40,,44,17,17,17,3,0,,,1,0,,,1,,
"Czech Republic","CZ","CZE","203","EUR",2011,48,40,37,,48,17,17,16,17,17,,,1,0,,,1,,
"Czech Republic","CZ","CZE","203","EUR",2012,46,40,39,,46,19,10,10,19,10,,0,1,0,1,1,1,1,
"Czech Republic","CZ","CZE","203","EUR",2013,40,40,38,,40,17,17,16,18,18,,0,1,0,1,1,1,1,1
"Democratic People's Republic of Korea","KP","PRK","408","SEA",2009,285,285,,,,,,,,,,,0,0,,,1,,
"Democratic People's Republic of Korea","KP","PRK","408","SEA",2010,285,284,236,,,,,,,,,,0,0,,,1,,
"Democratic People's Republic of Korea","KP","PRK","408","SEA",2011,285,284,222,1,1,1,1,,0,0,0,0,,1,,,,,
"Democratic People's Republic of Korea","KP","PRK","408","SEA",2012,320,307,279,1,1,1,0,,0,,0,,0,1,0,0,1,1,
"Democratic People's Republic of Korea","KP","PRK","408","SEA",2013,336,336,306,1,1,1,1,0,0,0,1,0,0,1,0,0,1,1,1
"Democratic Republic of the Congo","CD","COD","180","AFR",2009,1421,,,,1,1,1,,,,,,0,0,,,1,,
"Democratic Republic of the Congo","CD","COD","180","AFR",2010,1460,1400,1050,,1,1,1,1,0,0,,,0,0,,,1,,
"Democratic Republic of the Congo","CD","COD","180","AFR",2011,1508,1281,1117,0,1,1,1,1,0,0,0,0,1,,,,1,,
"Democratic Republic of the Congo","CD","COD","180","AFR",2012,1522,1217,851,2,4,2,2,2,1,1,26,26,1,1,1,1,1,1,
"Democratic Republic of the Congo","CD","COD","180","AFR",2013,1522,1293,711,20,2,1,1,1,1,,26,26,1,,,1,1,1,1
"Denmark","DK","DNK","208","EUR",2009,,,,,,,,,,,,,1,0,,,1,,
"Denmark","DK","DNK","208","EUR",2010,10,,,,1,1,1,1,1,,,,1,1,,,1,,
"Denmark","DK","DNK","208","EUR",2011,,,,,,,,,,,,,,,,,,,
"Denmark","DK","DNK","208","EUR",2012,12,,,,1,1,1,1,1,1,,,1,0,0,1,1,1,
"Denmark","DK","DNK","208","EUR",2013,,,,,,,,,,,,,,,,,,,
"Djibouti","DJ","DJI","262","EMR",2009,16,15,15,,1,0,0,0,0,0,,,0,1,,,1,,
"Djibouti","DJ","DJI","262","EMR",2010,16,15,15,,0,0,0,0,0,0,,,0,1,,,1,,
"Djibouti","DJ","DJI","262","EMR",2011,16,15,13,0,0,0,,,0,,0,,0,0,,,1,,
"Djibouti","DJ","DJI","262","EMR",2012,18,14,10,0,1,1,1,1,1,1,1,0,1,0,0,0,1,,
"Djibouti","DJ","DJI","262","EMR",2013,14,14,11,1,1,1,,,1,,1,,0,1,0,0,1,1,0
"Dominica","DM","DMA","212","AMR",2009,,,,,,,,,,,,,0,1,,,1,,
"Dominica","DM","DMA","212","AMR",2010,,,,,,,,,,,,,0,1,,,1,,
"Dominica","DM","DMA","212","AMR",2011,,,,,,,,,,,,,0,1,,,1,,
"Dominica","DM","DMA","212","AMR",2012,,,,,,,,,,,,,0,1,,,1,1,
"Dominica","DM","DMA","212","AMR",2013,,,,,,,,,,,,,0,1,,,0,,
"Dominican Republic","DO","DOM","214","AMR",2009,200,150,145,,7,1,1,1,0,0,,,0,0,,,1,,
"Dominican Republic","DO","DOM","214","AMR",2010,228,213,199,,8,1,1,1,0,0,,,1,1,,,1,,
"Dominican Republic","DO","DOM","214","AMR",2011,228,228,213,2,11,1,1,1,0,0,0,0,1,0,,,1,,
"Dominican Republic","DO","DOM","214","AMR",2012,209,188,188,5,12,2,2,2,0,0,0,0,1,0,1,1,1,1,
"Dominican Republic","DO","DOM","214","AMR",2013,188,188,167,5,13,2,2,2,0,0,0,0,1,0,1,1,1,1,1
"Ecuador","EC","ECU","218","AMR",2009,311,311,295,,16,1,1,1,,,,,1,0,,,1,,
"Ecuador","EC","ECU","218","AMR",2010,321,321,321,,17,1,1,1,0,0,,,1,,,,1,,
"Ecuador","EC","ECU","218","AMR",2011,325,325,304,0,17,1,1,1,0,,5,,1,0,,,1,,
"Ecuador","EC","ECU","218","AMR",2012,354,354,325,0,18,1,,,,,5,5,1,0,1,1,1,1,
"Ecuador","EC","ECU","218","AMR",2013,325,325,324,0,26,1,1,1,0,0,5,5,1,0,1,1,1,1,0
"Egypt","EG","EGY","818","EMR",2009,251,149,145,,18,1,1,1,0,0,,,1,,,,1,,
"Egypt","EG","EGY","818","EMR",2010,293,157,154,,18,1,1,1,0,0,,,1,0,,,1,,
"Egypt","EG","EGY","818","EMR",2011,247,157,154,0,18,1,1,1,0,0,0,0,1,0,,,1,,
"Egypt","EG","EGY","818","EMR",2012,162,145,6,0,18,1,1,0,0,0,0,0,1,0,1,1,1,1,
"Egypt","EG","EGY","818","EMR",2013,162,125,120,10,18,2,2,0,0,0,0,0,1,0,1,1,1,1,1
"El Salvador","SV","SLV","222","AMR",2009,200,200,200,,10,1,1,1,0,0,,,0,0,,,1,,
"El Salvador","SV","SLV","222","AMR",2010,198,198,198,,10,1,1,1,0,0,,,0,0,,,1,,
"El Salvador","SV","SLV","222","AMR",2011,204,204,204,0,22,1,1,1,0,0,0,0,0,0,,,1,,
"El Salvador","SV","SLV","222","AMR",2012,210,207,207,0,11,1,1,1,0,0,1,0,0,1,1,1,1,1,
"El Salvador","SV","SLV","222","AMR",2013,201,201,201,58,25,1,1,1,0,0,4,0,0,1,1,1,1,1,0
"Equatorial Guinea","GQ","GNQ","226","AFR",2009,29,0,0,,0,0,0,0,0,0,,,0,0,,,0,,
"Equatorial Guinea","GQ","GNQ","226","AFR",2010,23,0,0,,0,0,0,0,0,0,,,0,0,,,0,,
"Equatorial Guinea","GQ","GNQ","226","AFR",2011,,0,0,,0,0,0,0,0,0,0,0,0,0,,,0,,
"Equatorial Guinea","GQ","GNQ","226","AFR",2012,,,,,,,,,,,,,,,,,,,
"Equatorial Guinea","GQ","GNQ","226","AFR",2013,,,,,,,,,,,,,,,,,,,
"Eritrea","ER","ERI","232","AFR",2009,77,,,,1,1,,,0,,,,0,0,,,1,,
"Eritrea","ER","ERI","232","AFR",2010,77,7,7,,1,1,1,0,0,0,,,0,0,,,1,,
"Eritrea","ER","ERI","232","AFR",2011,77,77,0,0,0,0,0,0,0,0,0,0,0,0,,,1,,
"Eritrea","ER","ERI","232","AFR",2012,77,40,40,0,0,0,0,0,0,0,0,0,0,0,0,0,1,0,
"Eritrea","ER","ERI","232","AFR",2013,59,31,7,0,1,1,0,0,0,0,5,5,0,0,0,1,1,1,0
"Estonia","EE","EST","233","EUR",2009,8,8,8,,2,2,2,2,0,0,,,1,0,,,1,,
"Estonia","EE","EST","233","EUR",2010,6,6,6,,2,2,2,2,2,1,,,1,0,,,1,,
"Estonia","EE","EST","233","EUR",2011,5,5,5,2,2,2,2,2,2,0,2,1,1,0,,,1,,
"Estonia","EE","EST","233","EUR",2012,5,5,5,5,2,2,2,2,2,2,2,2,1,0,0,1,1,1,
"Estonia","EE","EST","233","EUR",2013,6,6,6,2,2,2,2,2,2,1,2,2,1,0,0,1,1,1,1
"Ethiopia","ET","ETH","231","AFR",2009,1187,310,290,,2,2,2,,0,0,,,0,1,,,1,,
"Ethiopia","ET","ETH","231","AFR",2010,1876,,,,2,2,2,2,2,2,,,1,0,,,1,,
"Ethiopia","ET","ETH","231","AFR",2011,1947,,,,2,1,1,1,2,2,,,1,0,,,1,,
"Ethiopia","ET","ETH","231","AFR",2012,2531,1445,,0,5,1,,1,5,4,7,,0,0,1,1,1,1,
"Ethiopia","ET","ETH","231","AFR",2013,2107,1517,,282,7,7,,,7,,23,,1,0,1,1,1,1,1
"Fiji","FJ","FJI","242","WPR",2009,4,1,1,,1,0,0,0,0,0,,,,1,,,1,,
"Fiji","FJ","FJI","242","WPR",2010,4,4,3,,1,0,0,0,0,0,,,0,1,,,1,,
"Fiji","FJ","FJI","242","WPR",2011,4,4,4,0,1,0,0,0,0,0,0,0,0,1,,,1,,
"Fiji","FJ","FJI","242","WPR",2012,4,4,4,0,1,0,0,0,0,0,3,3,0,0,0,0,1,1,
"Fiji","FJ","FJI","242","WPR",2013,4,4,4,0,1,0,0,0,0,0,3,0,0,0,0,1,1,1,1
"Finland","FI","FIN","246","EUR",2009,,,,,,,,,,,,,1,0,,,1,,
"Finland","FI","FIN","246","EUR",2010,11,10,,,11,2,2,,5,5,,,1,,,,1,,
"Finland","FI","FIN","246","EUR",2011,21,13,,,11,1,1,1,5,,3,,1,,,,1,,
"Finland","FI","FIN","246","EUR",2012,11,11,11,11,11,1,1,1,3,,1,,1,0,,,1,1,
"Finland","FI","FIN","246","EUR",2013,10,10,10,10,10,1,1,1,4,4,3,3,1,,,,1,1,1
"France","FR","FRA","250","EUR",2009,,,,,,,,,,,,,1,0,,,1,,
"France","FR","FRA","250","EUR",2010,210,,,,210,80,35,35,,,,,1,0,,,1,,
"France","FR","FRA","250","EUR",2011,235,0,,,230,70,35,35,21,,20,,1,0,,,1,,
"France","FR","FRA","250","EUR",2012,235,0,,,230,70,35,35,21,,20,,1,0,,,1,,
"France","FR","FRA","250","EUR",2013,235,,,,230,70,35,35,21,,20,,1,0,1,1,1,1,
"French Polynesia","PF","PYF","258","WPR",2009,3,2,2,,2,0,0,0,0,0,,,0,1,,,0,,
"French Polynesia","PF","PYF","258","WPR",2010,3,2,2,,2,2,2,2,0,0,,,0,0,,,1,,
"French Polynesia","PF","PYF","258","WPR",2011,,,,,,,,,,,,,0,1,,,1,,
"French Polynesia","PF","PYF","258","WPR",2012,,,,,,,,,,,,,0,1,,,1,1,
"French Polynesia","PF","PYF","258","WPR",2013,,,,,,,,,,,,,0,1,,,1,1,0
"Gabon","GA","GAB","266","AFR",2009,14,0,0,,1,1,0,0,0,0,,,0,1,,,0,,
"Gabon","GA","GAB","266","AFR",2010,15,1,1,,1,1,0,0,0,0,,,0,0,,,0,,
"Gabon","GA","GAB","266","AFR",2011,15,1,1,,1,1,0,0,0,0,0,0,0,0,,,0,,
"Gabon","GA","GAB","266","AFR",2012,15,1,1,0,1,1,0,0,0,0,0,0,0,0,1,1,1,0,
"Gabon","GA","GAB","266","AFR",2013,20,1,1,1,1,0,0,0,0,0,0,0,0,1,1,1,1,0,0
"Gambia","GM","GMB","270","AFR",2009,32,25,,,1,1,0,0,0,0,,,0,0,,,1,,
"Gambia","GM","GMB","270","AFR",2010,29,29,26,,1,1,0,0,0,0,,,0,0,,,1,,
"Gambia","GM","GMB","270","AFR",2011,32,32,32,10,1,1,,,,,,,1,0,,,1,,
"Gambia","GM","GMB","270","AFR",2012,32,32,30,10,1,1,1,1,0,0,0,0,0,0,1,1,1,1,
"Gambia","GM","GMB","270","AFR",2013,33,33,33,10,1,1,1,1,0,0,1,1,1,0,1,1,1,1,0
"Georgia","GE","GEO","268","EUR",2009,30,30,29,,2,1,1,1,1,,,,1,0,,,1,,
"Georgia","GE","GEO","268","EUR",2010,29,29,29,,2,1,1,1,1,0,,,1,0,,,1,,
"Georgia","GE","GEO","268","EUR",2011,29,29,29,,2,1,1,1,1,0,1,0,1,0,,,1,,
"Georgia","GE","GEO","268","EUR",2012,11,11,8,1,2,1,1,1,2,1,1,0,1,0,0,0,1,1,
"Georgia","GE","GEO","268","EUR",2013,11,11,10,1,2,1,1,1,2,1,1,0,1,0,0,1,1,1,0
"Germany","DE","DEU","276","EUR",2009,,,,,,,,,,,,,1,0,,,1,,
"Germany","DE","DEU","276","EUR",2010,250,,,,191,73,,,,,,,1,,,,1,,
"Germany","DE","DEU","276","EUR",2011,254,,,,189,84,,,,,,,1,,,,1,,
"Germany","DE","DEU","276","EUR",2012,254,254,248,,189,84,84,82,75,74,141,140,1,,,,1,,
"Germany","DE","DEU","276","EUR",2013,242,242,240,,176,74,74,73,,,,,1,1,1,1,1,,1
"Ghana","GH","GHA","288","AFR",2009,230,180,155,,3,2,1,1,,,,,0,0,,,1,,
"Ghana","GH","GHA","288","AFR",2010,254,204,176,,3,3,1,1,0,0,,,0,0,,,1,,
"Ghana","GH","GHA","288","AFR",2011,276,184,166,0,3,3,0,0,1,0,0,0,0,0,,,1,,
"Ghana","GH","GHA","288","AFR",2012,276,110,45,3,3,3,1,1,3,0,0,0,0,0,1,1,1,1,
"Ghana","GH","GHA","288","AFR",2013,300,231,173,153,3,3,2,2,2,2,4,4,0,,1,1,1,1,1
"Greece","GR","GRC","300","EUR",2009,,,,,,,,,,,,,1,0,,,1,,
"Greece","GR","GRC","300","EUR",2010,,,,,,,,,,,,,1,0,,,1,,
"Greece","GR","GRC","300","EUR",2011,,,,,,,,,,,,,,,,,,,
"Greece","GR","GRC","300","EUR",2012,71,1,1,0,54,7,1,1,1,1,1,0,1,1,1,1,1,1,
"Greece","GR","GRC","300","EUR",2013,71,1,1,0,54,7,1,1,2,1,2,1,1,,,1,1,1,1
"Greenland","GL","GRL","304","EUR",2009,,,,,,,,,,,,,,,,,,,
"Greenland","GL","GRL","304","EUR",2010,,,,,,,,,,,,,,,,,,,
"Greenland","GL","GRL","304","EUR",2011,,,,,,,,,,,,,,,,,,,
"Greenland","GL","GRL","304","EUR",2012,,,,,,,,,,,,,,,,,,,
"Greenland","GL","GRL","304","EUR",2013,,,,,,,,,,,,,,,,,,,
"Grenada","GD","GRD","308","AMR",2009,,,,,,,,,,,,,0,1,,,0,,
"Grenada","GD","GRD","308","AMR",2010,,,,,,,,,,,,,0,1,,,0,,
"Grenada","GD","GRD","308","AMR",2011,,,,,,,,,,,,,0,1,,,0,,
"Grenada","GD","GRD","308","AMR",2012,,,,,,,,,,,,,0,,,,,,
"Grenada","GD","GRD","308","AMR",2013,,,,,,,,,,,,,0,,,,,,
"Guam","GU","GUM","316","WPR",2009,1,1,1,,1,1,1,1,0,0,,,0,1,,,1,,
"Guam","GU","GUM","316","WPR",2010,4,4,4,,4,4,4,4,0,0,,,0,1,,,1,,
"Guam","GU","GUM","316","WPR",2011,,,,,,,,,,,,,1,0,,,1,,
"Guam","GU","GUM","316","WPR",2012,,,,,,,,,,,,,0,1,,,1,1,
"Guam","GU","GUM","316","WPR",2013,,,,,,,,,,,,,,1,,,1,1,1
"Guatemala","GT","GTM","320","AMR",2009,234,224,214,,12,1,1,1,0,0,,,1,1,,,1,,
"Guatemala","GT","GTM","320","AMR",2010,267,189,179,,11,1,1,0,0,0,,,0,1,,,1,,
"Guatemala","GT","GTM","320","AMR",2011,267,145,145,0,12,3,1,1,0,0,0,0,0,1,,,1,,
"Guatemala","GT","GTM","320","AMR",2012,284,216,214,50,10,3,1,1,0,0,0,0,0,1,1,1,1,1,
"Guatemala","GT","GTM","320","AMR",2013,267,267,147,50,12,1,1,1,1,1,0,0,0,1,0,0,1,1,1
"Guinea","GN","GIN","324","AFR",2009,53,53,42,,1,1,,,,,,,1,0,,,1,,
"Guinea","GN","GIN","324","AFR",2010,60,60,50,,1,1,1,1,0,0,,,0,0,,,1,,
"Guinea","GN","GIN","324","AFR",2011,53,48,38,1,1,1,0,0,0,0,1,0,0,0,,,1,,
"Guinea","GN","GIN","324","AFR",2012,53,52,42,3,1,1,1,1,0,0,1,0,0,0,1,,1,1,
"Guinea","GN","GIN","324","AFR",2013,55,49,40,3,1,1,0,0,0,0,1,0,1,1,1,0,1,0,0
"Guinea-Bissau","GW","GNB","624","AFR",2009,53,1,,,,,,,,,,,0,0,,,1,,
"Guinea-Bissau","GW","GNB","624","AFR",2010,39,0,0,,1,0,0,0,0,0,,,0,0,,,1,,
"Guinea-Bissau","GW","GNB","624","AFR",2011,20,17,11,0,1,,,,,,,,0,0,,,1,,
"Guinea-Bissau","GW","GNB","624","AFR",2012,21,21,19,0,1,0,0,0,0,0,1,0,0,1,0,0,1,1,
"Guinea-Bissau","GW","GNB","624","AFR",2013,20,20,19,0,1,0,0,0,1,,1,,0,1,0,1,1,1,0
"Guyana","GY","GUY","328","AMR",2009,21,4,4,,1,0,0,0,0,0,,,0,0,,,1,,
"Guyana","GY","GUY","328","AMR",2010,20,15,15,,1,1,0,0,1,0,,,1,1,,,1,,
"Guyana","GY","GUY","328","AMR",2011,20,20,20,20,1,1,1,1,1,1,0,0,1,1,,,1,,
"Guyana","GY","GUY","328","AMR",2012,20,20,20,20,1,1,1,1,1,1,0,0,1,1,1,1,1,1,
"Guyana","GY","GUY","328","AMR",2013,24,20,20,24,1,1,1,1,1,1,0,0,1,0,1,1,1,1,1
"Haiti","HT","HTI","332","AMR",2009,,,,,,,,,,,,,,,,,,,
"Haiti","HT","HTI","332","AMR",2010,234,73,73,,1,1,1,1,1,,,,0,1,,,1,,
"Haiti","HT","HTI","332","AMR",2011,223,151,64,15,2,2,1,1,2,0,1,0,0,1,,,1,,
"Haiti","HT","HTI","332","AMR",2012,256,236,,15,2,2,,,2,,7,,1,,1,1,1,1,
"Haiti","HT","HTI","332","AMR",2013,231,131,,6,2,2,2,2,2,2,6,6,1,1,1,1,1,1,1
"Honduras","HN","HND","340","AMR",2009,145,93,93,,5,1,1,0,0,0,,,1,,,,1,,
"Honduras","HN","HND","340","AMR",2010,153,55,53,,5,1,1,1,0,0,,,0,1,,,1,,
"Honduras","HN","HND","340","AMR",2011,165,91,91,0,5,1,1,1,0,0,0,0,,1,,,1,,
"Honduras","HN","HND","340","AMR",2012,170,141,140,0,5,1,1,1,0,0,0,0,0,1,1,1,1,1,
"Honduras","HN","HND","340","AMR",2013,173,119,118,0,5,1,1,1,0,0,0,0,0,1,1,1,1,1,0
"Hungary","HU","HUN","348","EUR",2009,,,,,,,,,,,,,1,0,,,1,,
"Hungary","HU","HUN","348","EUR",2010,12,12,12,,12,7,3,3,2,2,,,1,,,,1,,
"Hungary","HU","HUN","348","EUR",2011,13,10,9,0,13,7,3,3,2,2,2,1,1,0,,,1,,
"Hungary","HU","HUN","348","EUR",2012,12,12,11,0,12,7,3,3,2,,3,2,1,,1,1,1,1,
"Hungary","HU","HUN","348","EUR",2013,11,10,9,0,11,7,5,4,2,1,2,2,1,,1,1,1,1,1
"Iceland","IS","ISL","352","EUR",2009,,,,,,,,,,,,,0,1,,,1,,
"Iceland","IS","ISL","352","EUR",2010,1,0,0,,1,0,0,0,0,0,,,0,1,,,1,,
"Iceland","IS","ISL","352","EUR",2011,1,1,1,1,1,1,1,1,1,1,0,0,0,1,,,1,,
"Iceland","IS","ISL","352","EUR",2012,1,1,1,1,1,1,1,1,1,1,0,0,0,1,0,0,1,0,
"Iceland","IS","ISL","352","EUR",2013,,,,,,,,,,,,,,,,,,,
"India","IN","IND","356","SEA",2009,12704,12704,11664,,17,17,17,,1,0,,,1,,,,1,,
"India","IN","IND","356","SEA",2010,12870,12870,11710,,19,19,19,19,3,3,,,1,,,,1,,
"India","IN","IND","356","SEA",2011,13026,12542,8334,235,37,37,37,37,17,17,18,18,1,0,,,1,,
"India","IN","IND","356","SEA",2012,13098,13098,9642,235,70,38,38,38,33,33,32,30,1,,1,1,1,1,
"India","IN","IND","356","SEA",2013,13048,13048,,200,53,45,45,45,41,41,54,54,1,,1,1,1,1,1
"Indonesia","ID","IDN","360","SEA",2009,5118,2088,1178,,43,5,5,5,0,0,,,1,0,,,0,,
"Indonesia","ID","IDN","360","SEA",2010,5118,1894,1431,,45,5,5,5,0,0,,,1,0,,,1,,
"Indonesia","ID","IDN","360","SEA",2011,5566,2951,2678,0,46,5,5,5,2,2,5,5,1,0,,,1,,
"Indonesia","ID","IDN","360","SEA",2012,5566,3284,2463,0,46,5,5,5,2,2,9,9,1,0,1,1,1,1,
"Indonesia","ID","IDN","360","SEA",2013,5566,2616,1962,0,18,10,10,7,2,2,23,23,1,0,1,1,1,1,1
"Iran (Islamic Republic of)","IR","IRN","364","EMR",2009,376,0,0,,38,2,0,0,,,,,1,0,,,1,,
"Iran (Islamic Republic of)","IR","IRN","364","EMR",2010,391,120,110,,48,2,2,,0,0,,,1,0,,,1,,
"Iran (Islamic Republic of)","IR","IRN","364","EMR",2011,396,212,212,0,55,6,6,2,0,0,0,0,1,0,,,1,,
"Iran (Islamic Republic of)","IR","IRN","364","EMR",2012,396,220,220,0,55,7,5,5,0,0,0,0,1,0,1,1,1,1,
"Iran (Islamic Republic of)","IR","IRN","364","EMR",2013,401,240,240,40,55,12,12,12,0,0,3,3,1,0,1,1,1,1,1
"Iraq","IQ","IRQ","368","EMR",2009,110,109,109,,4,1,0,0,0,0,,,1,0,,,1,,
"Iraq","IQ","IRQ","368","EMR",2010,191,191,174,,4,1,1,1,0,0,,,1,0,,,1,,
"Iraq","IQ","IRQ","368","EMR",2011,270,250,211,0,4,1,1,1,0,0,0,0,1,,,,1,,
"Iraq","IQ","IRQ","368","EMR",2012,270,250,244,0,10,1,1,1,0,0,5,5,0,1,1,1,1,1,
"Iraq","IQ","IRQ","368","EMR",2013,273,273,265,0,8,1,1,1,1,1,13,13,1,,1,1,1,1,1
"Ireland","IE","IRL","372","EUR",2009,,,,,,,,,,,,,0,1,,,1,,
"Ireland","IE","IRL","372","EUR",2010,13,12,12,,13,3,3,3,3,3,,,0,1,,,1,,
"Ireland","IE","IRL","372","EUR",2011,13,13,13,1,13,3,2,2,3,3,2,2,0,1,,,1,,
"Ireland","IE","IRL","372","EUR",2012,11,11,11,3,10,3,2,2,2,2,3,3,0,1,0,1,1,1,
"Ireland","IE","IRL","372","EUR",2013,11,11,11,5,9,2,2,2,3,2,4,4,0,1,1,1,1,1,1
"Israel","IL","ISR","376","EUR",2009,,,,,,,,,,,,,1,0,,,1,,
"Israel","IL","ISR","376","EUR",2010,20,0,0,,20,2,0,0,1,0,,,1,0,,,1,,
"Israel","IL","ISR","376","EUR",2011,19,17,17,,19,2,2,2,1,1,1,0,1,0,,,1,,
"Israel","IL","ISR","376","EUR",2012,19,17,17,,19,2,2,2,1,1,1,0,1,0,0,1,1,1,
"Israel","IL","ISR","376","EUR",2013,19,17,17,,19,2,2,2,,,,,1,0,0,1,1,1,1
"Italy","IT","ITA","380","EUR",2009,,,,,,,,,,,,,,,,,1,,
"Italy","IT","ITA","380","EUR",2010,,,,,34,34,30,,,,,,1,,,,1,,
"Italy","IT","ITA","380","EUR",2011,,,,,,,,,,,,,,,,,,,
"Italy","IT","ITA","380","EUR",2012,37,,,,37,37,,,17,,19,,1,0,0,0,1,0,
"Italy","IT","ITA","380","EUR",2013,,,,,,,,,,,,,,,,,,,
"Jamaica","JM","JAM","388","AMR",2009,3,1,0,,0,0,0,0,0,0,,,0,0,,,1,,
"Jamaica","JM","JAM","388","AMR",2010,3,1,0,,1,0,0,0,0,0,,,0,1,,,1,,
"Jamaica","JM","JAM","388","AMR",2011,3,1,0,0,1,0,0,0,0,0,0,0,0,1,,,1,,
"Jamaica","JM","JAM","388","AMR",2012,3,1,1,3,0,0,0,0,0,0,0,0,0,1,0,0,1,1,
"Jamaica","JM","JAM","388","AMR",2013,3,1,1,3,0,0,0,0,0,0,0,0,0,1,1,1,1,1,1
"Japan","JP","JPN","392","WPR",2009,,,,,,,,,,,,,1,0,,,1,,
"Japan","JP","JPN","392","WPR",2010,,,,,,,,,,,,,1,0,,,1,,
"Japan","JP","JPN","392","WPR",2011,,,,,,,,,,,,,1,0,,,1,,
"Japan","JP","JPN","392","WPR",2012,,,,,,,,,,,,,1,1,,,1,1,
"Japan","JP","JPN","392","WPR",2013,,,,,,,,,,,,,1,0,,,0,,
"Jordan","JO","JOR","400","EMR",2009,155,24,5,,50,1,1,0,0,0,,,0,0,,,1,,
"Jordan","JO","JOR","400","EMR",2010,160,26,25,,55,1,1,1,0,0,,,0,0,,,1,,
"Jordan","JO","JOR","400","EMR",2011,150,30,24,0,50,1,1,1,0,0,0,0,0,0,,,1,,
"Jordan","JO","JOR","400","EMR",2012,12,12,11,0,1,1,1,1,0,0,1,0,0,0,0,0,1,1,
"Jordan","JO","JOR","400","EMR",2013,13,13,13,0,1,1,1,1,0,0,1,1,0,0,1,1,1,0,0
"Kazakhstan","KZ","KAZ","398","EUR",2009,458,458,458,,89,22,22,22,,,,,1,0,,,1,,
"Kazakhstan","KZ","KAZ","398","EUR",2010,466,466,466,,100,22,22,22,0,0,,,0,0,,,0,,
"Kazakhstan","KZ","KAZ","398","EUR",2011,466,466,466,0,100,22,22,22,10,0,0,0,0,0,,,1,,
"Kazakhstan","KZ","KAZ","398","EUR",2012,466,466,466,0,22,22,22,22,11,0,4,0,1,0,1,0,1,1,
"Kazakhstan","KZ","KAZ","398","EUR",2013,466,466,466,0,126,22,22,22,12,0,19,0,1,0,0,0,1,1,1
"Kenya","KE","KEN","404","AFR",2009,1183,614,405,,6,4,4,4,3,3,,,0,1,,,1,,
"Kenya","KE","KEN","404","AFR",2010,1341,1116,1037,,6,4,4,4,3,3,,,0,1,,,1,,
"Kenya","KE","KEN","404","AFR",2011,1581,1292,1234,150,6,1,1,1,1,1,3,0,0,1,,,1,,
"Kenya","KE","KEN","404","AFR",2012,1818,1519,1410,150,2,2,2,2,2,2,15,0,1,1,1,1,1,1,
"Kenya","KE","KEN","404","AFR",2013,1860,1704,1704,160,7,6,1,1,2,1,21,21,0,0,1,1,1,1,1
"Kiribati","KI","KIR","296","WPR",2009,2,1,1,,,,,,,,,,0,1,,,0,,
"Kiribati","KI","KIR","296","WPR",2010,2,1,1,,0,0,0,0,0,0,,,0,1,,,0,,
"Kiribati","KI","KIR","296","WPR",2011,2,1,1,0,0,0,0,0,0,0,0,0,0,1,,,0,,
"Kiribati","KI","KIR","296","WPR",2012,2,2,2,0,1,0,0,0,0,0,0,0,0,1,0,0,1,1,
"Kiribati","KI","KIR","296","WPR",2013,2,1,1,1,1,0,0,0,0,0,0,0,0,1,0,0,0,,
"Kuwait","KW","KWT","414","EMR",2009,12,12,0,,1,1,1,0,0,0,,,1,0,,,1,,
"Kuwait","KW","KWT","414","EMR",2010,12,12,0,,1,1,1,0,0,0,,,0,0,,,1,,
"Kuwait","KW","KWT","414","EMR",2011,12,0,0,0,1,1,0,0,0,0,0,0,0,0,,,1,,
"Kuwait","KW","KWT","414","EMR",2012,12,0,0,0,1,1,0,0,0,0,0,0,0,0,0,1,1,1,
"Kuwait","KW","KWT","414","EMR",2013,,,,,,,,,,,,,0,0,,,1,1,1
"Kyrgyzstan","KG","KGZ","417","EUR",2009,122,119,83,,11,3,3,3,,,,,1,0,,,1,,
"Kyrgyzstan","KG","KGZ","417","EUR",2010,122,41,41,,8,3,3,3,1,1,,,1,1,,,1,,
"Kyrgyzstan","KG","KGZ","417","EUR",2011,122,4,,0,4,3,,,,,,,1,,,,1,,
"Kyrgyzstan","KG","KGZ","417","EUR",2012,122,42,34,0,11,3,2,2,2,1,7,3,1,1,0,0,1,1,
"Kyrgyzstan","KG","KGZ","417","EUR",2013,122,,,28,8,2,2,2,2,0,8,0,1,1,0,1,1,1,1
"Lao People's Democratic Republic","LA","LAO","418","WPR",2009,155,155,146,,1,0,0,0,0,0,,,0,0,,,1,,
"Lao People's Democratic Republic","LA","LAO","418","WPR",2010,157,157,145,,3,0,0,0,1,1,,,0,1,,,1,,
"Lao People's Democratic Republic","LA","LAO","418","WPR",2011,157,157,142,0,3,0,0,0,0,0,0,0,0,1,,,1,,
"Lao People's Democratic Republic","LA","LAO","418","WPR",2012,158,158,154,0,3,1,1,1,1,1,0,0,0,0,0,1,1,1,
"Lao People's Democratic Republic","LA","LAO","418","WPR",2013,158,157,147,1,1,1,1,1,1,1,3,0,0,1,0,1,1,1,1
"Latvia","LV","LVA","428","EUR",2009,26,26,26,,5,1,1,1,1,1,,,1,0,,,1,,
"Latvia","LV","LVA","428","EUR",2010,16,16,16,,4,1,1,1,1,1,,,1,0,,,1,,
"Latvia","LV","LVA","428","EUR",2011,16,16,16,0,4,1,1,1,1,1,1,1,1,0,,,1,,
"Latvia","LV","LVA","428","EUR",2012,16,16,16,0,4,1,1,1,1,1,2,2,1,0,1,1,1,1,
"Latvia","LV","LVA","428","EUR",2013,16,16,16,0,4,1,1,1,1,1,2,2,1,0,1,1,0,,
"Lebanon","LB","LBN","422","EMR",2009,166,8,4,,3,1,0,0,1,0,,,0,1,,,1,,
"Lebanon","LB","LBN","422","EMR",2010,165,3,3,,3,1,1,1,2,0,,,0,1,,,1,,
"Lebanon","LB","LBN","422","EMR",2011,165,3,3,,3,1,1,1,2,0,3,1,0,1,,,1,,
"Lebanon","LB","LBN","422","EMR",2012,280,3,3,0,3,1,1,1,2,,3,1,0,1,1,1,1,1,
"Lebanon","LB","LBN","422","EMR",2013,180,,,9,20,1,1,1,0,0,0,0,,1,1,0,1,1,1
"Lesotho","LS","LSO","426","AFR",2009,18,18,18,,1,1,,,1,,,,,1,,,0,,
"Lesotho","LS","LSO","426","AFR",2010,17,17,17,,1,1,1,1,1,0,,,0,1,,,1,,
"Lesotho","LS","LSO","426","AFR",2011,18,18,18,4,1,1,1,1,1,0,3,0,0,0,,,1,,
"Lesotho","LS","LSO","426","AFR",2012,18,14,14,3,1,1,1,1,1,1,5,5,0,1,0,0,1,1,
"Lesotho","LS","LSO","426","AFR",2013,18,17,,3,1,0,0,0,1,1,8,8,0,0,,1,1,1,1
"Liberia","LR","LBR","430","AFR",2009,145,145,125,,0,0,0,0,0,0,,,1,,,,0,,
"Liberia","LR","LBR","430","AFR",2010,145,145,99,,1,0,0,0,0,0,,,0,0,,,0,,
"Liberia","LR","LBR","430","AFR",2011,153,153,122,0,0,0,0,0,0,0,0,0,0,0,,,1,,
"Liberia","LR","LBR","430","AFR",2012,163,163,120,0,0,0,0,0,0,0,0,0,0,1,1,1,0,,
"Liberia","LR","LBR","430","AFR",2013,170,170,153,0,1,1,1,1,0,0,0,0,0,0,1,1,1,1,1
"Libya","LY","LBY","434","EMR",2009,27,1,1,,3,2,0,0,0,0,,,0,0,,,1,,
"Libya","LY","LBY","434","EMR",2010,,,,,,,,,,,,,,,,,,,
"Libya","LY","LBY","434","EMR",2011,,,,,,,,,,,,,0,,,,1,,
"Libya","LY","LBY","434","EMR",2012,26,,,,8,2,,,,,,,0,0,0,,1,1,
"Libya","LY","LBY","434","EMR",2013,26,,,2,20,2,,,0,,0,,0,0,0,0,1,,
"Lithuania","LT","LTU","440","EUR",2009,13,1,1,,4,4,4,4,1,0,,,1,0,,,1,,
"Lithuania","LT","LTU","440","EUR",2010,13,4,4,,6,6,4,4,1,1,,,1,1,,,1,,
"Lithuania","LT","LTU","440","EUR",2011,13,4,4,0,6,6,4,4,2,1,5,1,1,1,,,1,,
"Lithuania","LT","LTU","440","EUR",2012,13,11,11,1,6,6,6,6,2,1,7,1,1,1,1,1,1,1,
"Lithuania","LT","LTU","440","EUR",2013,13,11,11,1,6,6,6,6,2,1,8,1,1,1,0,0,1,1,0
"Luxembourg","LU","LUX","442","EUR",2009,,,,,,,,,,,,,,,,,,,
"Luxembourg","LU","LUX","442","EUR",2010,1,1,1,,1,1,1,1,1,1,,,0,1,,,1,,
"Luxembourg","LU","LUX","442","EUR",2011,1,1,1,1,1,1,1,1,1,1,1,1,0,1,,,1,,
"Luxembourg","LU","LUX","442","EUR",2012,1,1,1,1,1,1,1,1,1,1,0,0,0,1,0,0,1,0,
"Luxembourg","LU","LUX","442","EUR",2013,1,1,1,1,1,1,1,1,1,1,0,0,0,1,0,0,1,0,1
"Madagascar","MG","MDG","450","AFR",2009,251,98,77,,1,1,1,1,1,0,,,1,0,,,1,,
"Madagascar","MG","MDG","450","AFR",2010,241,98,28,,1,1,1,1,1,1,,,1,0,,,1,,
"Madagascar","MG","MDG","450","AFR",2011,222,135,126,5,1,1,1,1,1,1,,,1,0,,,1,,
"Madagascar","MG","MDG","450","AFR",2012,218,127,51,12,1,1,0,0,1,0,5,0,0,0,0,0,1,1,
"Madagascar","MG","MDG","450","AFR",2013,218,208,123,10,1,1,1,1,0,0,5,0,0,0,0,0,1,1,0
"Malawi","MW","MWI","454","AFR",2009,202,202,0,,2,1,1,1,0,0,,,0,1,,,1,,
"Malawi","MW","MWI","454","AFR",2010,216,205,175,,4,1,1,1,1,1,,,0,1,,,1,,
"Malawi","MW","MWI","454","AFR",2011,231,231,231,30,3,1,1,1,1,0,8,0,0,1,,,1,,
"Malawi","MW","MWI","454","AFR",2012,226,226,226,43,4,2,2,2,1,1,19,0,0,0,1,1,1,1,
"Malawi","MW","MWI","454","AFR",2013,241,241,241,73,5,4,4,4,2,2,33,33,0,0,1,1,1,0,0
"Malaysia","MY","MYS","458","WPR",2009,703,688,516,,32,4,0,0,0,0,,,1,0,,,1,,
"Malaysia","MY","MYS","458","WPR",2010,718,579,528,,32,3,2,2,0,0,,,1,0,,,1,,
"Malaysia","MY","MYS","458","WPR",2011,731,731,688,1,36,7,0,0,2,0,0,0,1,0,,,1,,
"Malaysia","MY","MYS","458","WPR",2012,757,679,624,34,36,1,0,0,2,0,0,0,1,0,1,1,1,1,
"Malaysia","MY","MYS","458","WPR",2013,758,758,735,36,35,2,2,2,3,0,2,0,1,0,1,1,1,1,1
"Maldives","MV","MDV","462","SEA",2009,70,0,0,,1,0,0,0,0,0,,,0,1,,,1,,
"Maldives","MV","MDV","462","SEA",2010,70,1,1,,1,0,0,0,0,0,,,0,1,,,0,,
"Maldives","MV","MDV","462","SEA",2011,70,0,0,0,1,0,0,0,0,0,0,0,0,1,,,0,,
"Maldives","MV","MDV","462","SEA",2012,70,0,0,0,1,0,0,0,0,0,0,0,0,1,0,0,1,1,
"Maldives","MV","MDV","462","SEA",2013,70,0,0,0,1,0,0,0,0,0,0,0,0,1,,,1,1,0
"Mali","ML","MLI","466","AFR",2009,84,84,77,,2,2,1,1,0,0,,,,1,,,1,,
"Mali","ML","MLI","466","AFR",2010,76,0,0,,3,3,1,1,0,0,,,0,0,,,1,,
"Mali","ML","MLI","466","AFR",2011,69,0,0,0,2,2,0,0,1,0,0,0,0,0,,,1,,
"Mali","ML","MLI","466","AFR",2012,58,1,1,0,3,1,1,1,1,1,0,0,0,0,1,1,1,1,
"Mali","ML","MLI","466","AFR",2013,64,0,0,0,3,3,2,2,1,1,0,0,0,0,1,0,1,1,0
"Malta","MT","MLT","470","EUR",2009,,,,,,,,,,,,,0,1,,,0,,
"Malta","MT","MLT","470","EUR",2010,1,1,1,,1,0,0,,0,0,,,0,1,,,0,,
"Malta","MT","MLT","470","EUR",2011,1,1,1,,1,0,0,,0,0,,,0,1,,,0,,
"Malta","MT","MLT","470","EUR",2012,1,1,1,0,1,0,0,0,0,0,0,0,0,1,,,0,,
"Malta","MT","MLT","470","EUR",2013,1,1,1,0,1,0,0,0,0,0,0,0,0,1,0,1,0,,
"Marshall Islands","MH","MHL","584","WPR",2009,3,3,1,,1,1,1,1,0,0,,,0,1,,,0,,
"Marshall Islands","MH","MHL","584","WPR",2010,3,3,1,,1,1,1,1,0,0,,,0,1,,,0,,
"Marshall Islands","MH","MHL","584","WPR",2011,3,3,3,1,1,1,,,1,,0,,0,1,,,0,,
"Marshall Islands","MH","MHL","584","WPR",2012,3,3,3,1,1,1,1,1,1,1,1,1,0,1,0,1,0,,
"Marshall Islands","MH","MHL","584","WPR",2013,2,2,2,1,0,0,0,0,0,0,0,0,0,1,1,0,1,1,1
"Mauritania","MR","MRT","478","AFR",2009,73,64,62,,1,1,1,1,,,,,0,,,,1,,
"Mauritania","MR","MRT","478","AFR",2010,60,0,,,1,,,,,,,,0,0,,,1,,
"Mauritania","MR","MRT","478","AFR",2011,62,45,35,62,1,1,1,,,,,,0,0,,,1,,
"Mauritania","MR","MRT","478","AFR",2012,53,10,9,,1,1,1,,,,,,0,0,0,0,1,1,
"Mauritania","MR","MRT","478","AFR",2013,,,,,,,,,,,,,,,,,,,
"Mauritius","MU","MUS","480","AFR",2009,,,,,,,,,,,,,0,0,,,1,,
"Mauritius","MU","MUS","480","AFR",2010,,,,,,,,,,,,,0,1,,,1,,
"Mauritius","MU","MUS","480","AFR",2011,,,,,,,,,,,,,0,1,,,1,,
"Mauritius","MU","MUS","480","AFR",2012,,,,,,,,,,,,,0,1,,,1,1,
"Mauritius","MU","MUS","480","AFR",2013,,,,,,,,,,,,,0,1,,,1,1,0
"Mexico","MX","MEX","484","AMR",2009,1220,658,0,,62,13,1,1,1,0,,,1,1,,,1,,
"Mexico","MX","MEX","484","AMR",2010,1232,670,623,,64,16,5,5,0,0,,,1,1,,,1,,
"Mexico","MX","MEX","484","AMR",2011,718,591,515,0,64,16,8,8,2,0,2,0,1,1,,,1,,
"Mexico","MX","MEX","484","AMR",2012,1231,633,569,0,65,15,12,9,1,0,6,0,1,1,0,1,1,1,
"Mexico","MX","MEX","484","AMR",2013,1284,739,703,16,65,16,14,14,1,0,11,0,1,0,0,1,1,1,1
"Micronesia (Federated States of)","FM","FSM","583","WPR",2009,4,4,3,,0,0,0,0,0,0,,,0,1,,,1,,
"Micronesia (Federated States of)","FM","FSM","583","WPR",2010,4,4,,,0,0,0,0,0,0,,,0,,,,1,,
"Micronesia (Federated States of)","FM","FSM","583","WPR",2011,4,4,4,4,0,0,0,0,0,0,0,0,0,1,,,1,,
"Micronesia (Federated States of)","FM","FSM","583","WPR",2012,4,4,4,0,0,0,0,0,0,0,0,0,1,1,1,0,1,1,
"Micronesia (Federated States of)","FM","FSM","583","WPR",2013,,,,,,,,,,,,,,,,,,,
"Monaco","MC","MCO","492","EUR",2009,,,,,,,,,,,,,,,,,,,
"Monaco","MC","MCO","492","EUR",2010,3,,,,3,,,,,,,,,1,,,0,,
"Monaco","MC","MCO","492","EUR",2011,,,,,,,,,,,,,,,,,,,
"Monaco","MC","MCO","492","EUR",2012,,,,,,,,,,,,,,,,,,,
"Monaco","MC","MCO","492","EUR",2013,,,,,,,,,,,,,,,,,,,
"Mongolia","MN","MNG","496","WPR",2009,36,36,26,,1,1,1,1,1,1,,,1,1,,,1,,
"Mongolia","MN","MNG","496","WPR",2010,37,37,26,,1,1,1,1,1,1,,,1,0,,,1,,
"Mongolia","MN","MNG","496","WPR",2011,37,37,24,3,2,1,1,1,1,1,0,0,1,0,,,1,,
"Mongolia","MN","MNG","496","WPR",2012,38,38,38,3,2,1,1,1,1,1,0,0,1,0,1,1,1,1,
"Mongolia","MN","MNG","496","WPR",2013,38,38,28,2,2,1,0,0,1,0,1,0,1,,0,1,1,1,0
"Montenegro","ME","MNE","499","EUR",2009,1,1,1,,1,1,1,,0,0,,,0,1,,,0,,
"Montenegro","ME","MNE","499","EUR",2010,1,1,1,,1,1,1,1,0,0,,,,1,,,0,,
"Montenegro","ME","MNE","499","EUR",2011,1,1,1,0,1,1,1,1,0,0,0,0,0,1,,,0,,
"Montenegro","ME","MNE","499","EUR",2012,1,0,0,0,1,1,0,0,0,0,0,0,0,1,0,0,1,1,
"Montenegro","ME","MNE","499","EUR",2013,1,0,0,0,1,1,0,0,0,0,0,0,0,1,0,0,1,1,0
"Montserrat","MS","MSR","500","AMR",2009,,,,,,,,,,,,,,,,,,,
"Montserrat","MS","MSR","500","AMR",2010,,,,,,,,,,,,,0,1,,,0,,
"Montserrat","MS","MSR","500","AMR",2011,,,,,,,,,,,,,0,1,,,0,,
"Montserrat","MS","MSR","500","AMR",2012,,,,,,,,,,,,,0,1,,,0,,
"Montserrat","MS","MSR","500","AMR",2013,,,,,,,,,,,,,0,1,,,0,,
"Morocco","MA","MAR","504","EMR",2009,149,112,0,,14,2,1,0,0,0,,,0,0,,,1,,
"Morocco","MA","MAR","504","EMR",2010,168,,,,16,2,,,0,,,,0,,,,1,,
"Morocco","MA","MAR","504","EMR",2011,167,67,13,0,14,2,2,2,0,0,0,0,0,,,,1,,
"Morocco","MA","MAR","504","EMR",2012,159,63,57,20,14,2,2,2,0,0,0,0,0,0,1,1,1,1,
"Morocco","MA","MAR","504","EMR",2013,149,107,88,40,18,2,2,2,2,2,0,0,1,1,1,1,1,1,0
"Mozambique","MZ","MOZ","508","AFR",2009,433,,,,1,1,1,1,0,0,,,0,1,,,1,,
"Mozambique","MZ","MOZ","508","AFR",2010,433,,,,2,2,1,1,0,0,,,,1,,,1,,
"Mozambique","MZ","MOZ","508","AFR",2011,430,14,11,2,2,2,1,1,0,0,1,0,1,1,,,1,,
"Mozambique","MZ","MOZ","508","AFR",2012,300,16,9,27,3,2,1,1,0,0,12,0,0,1,,1,1,1,
"Mozambique","MZ","MOZ","508","AFR",2013,325,22,11,62,3,2,2,2,1,1,14,0,0,1,0,0,1,1,1
"Myanmar","MM","MMR","104","SEA",2009,405,345,345,,2,2,1,1,,,,,0,0,,,1,,
"Myanmar","MM","MMR","104","SEA",2010,415,375,304,,2,2,2,2,2,,,,0,1,,,1,,
"Myanmar","MM","MMR","104","SEA",2011,415,377,318,2,2,2,2,2,2,,2,,0,1,,,1,,
"Myanmar","MM","MMR","104","SEA",2012,458,440,433,65,2,2,2,2,2,2,3,3,1,1,1,1,1,1,
"Myanmar","MM","MMR","104","SEA",2013,486,472,458,65,3,2,2,2,2,2,24,24,0,1,1,1,1,1,1
"Namibia","NA","NAM","516","AFR",2009,31,31,30,,1,1,1,1,0,0,,,0,1,,,1,,
"Namibia","NA","NAM","516","AFR",2010,31,31,31,,1,1,1,1,0,0,,,0,1,,,1,,
"Namibia","NA","NAM","516","AFR",2011,31,31,31,31,1,1,1,1,0,0,0,0,0,1,,,1,,
"Namibia","NA","NAM","516","AFR",2012,31,31,31,31,1,1,0,0,1,0,1,0,0,1,0,0,1,1,
"Namibia","NA","NAM","516","AFR",2013,31,31,31,31,1,1,1,1,0,0,4,4,0,1,0,0,1,1,1
"Nauru","NR","NRU","520","WPR",2009,,,,,,,,,,,,,0,1,,,1,,
"Nauru","NR","NRU","520","WPR",2010,,,,,,,,,,,,,0,1,,,1,,
"Nauru","NR","NRU","520","WPR",2011,,,,,,,,,,,,,0,1,,,1,,
"Nauru","NR","NRU","520","WPR",2012,,,,,,,,,,,,,,,,,,,
"Nauru","NR","NRU","520","WPR",2013,,,,,,,,,,,,,,,,,,,
"Nepal","NP","NPL","524","SEA",2009,471,408,395,,2,2,2,1,1,0,,,1,0,,,1,,
"Nepal","NP","NPL","524","SEA",2010,489,370,,,3,2,2,,0,0,,,1,0,,,1,,
"Nepal","NP","NPL","524","SEA",2011,505,0,0,505,3,2,0,0,0,0,0,0,1,,,,0,,
"Nepal","NP","NPL","524","SEA",2012,533,325,293,8,2,2,2,2,,,9,,1,0,1,1,1,1,
"Nepal","NP","NPL","524","SEA",2013,553,461,384,8,2,2,2,2,1,1,22,0,1,1,1,1,1,1,1
"Netherlands Antilles","AN","ANT","530","AMR",2009,,,,,,,,,,,,,,,,,,,
"Netherlands","NL","NLD","528","EUR",2009,,,,,,,,,,,,,1,0,,,1,,
"Netherlands","NL","NLD","528","EUR",2010,42,42,42,,37,1,1,1,1,1,,,1,0,,,1,,
"Netherlands","NL","NLD","528","EUR",2011,42,42,,,37,4,,,1,,2,,1,0,,,1,,
"Netherlands","NL","NLD","528","EUR",2012,42,42,,,37,5,,,4,,2,,1,0,1,0,1,1,
"Netherlands","NL","NLD","528","EUR",2013,37,37,,,33,6,,,,,,,1,0,1,0,1,1,
"New Caledonia","NC","NCL","540","WPR",2009,,,,,,,,,,,,,1,,,,1,,
"New Caledonia","NC","NCL","540","WPR",2010,2,1,1,,2,2,1,1,2,1,,,0,0,,,1,,
"New Caledonia","NC","NCL","540","WPR",2011,,,,,,,,,,,,,0,1,,,1,,
"New Caledonia","NC","NCL","540","WPR",2012,,,,,,,,,,,,,0,1,,,1,,
"New Caledonia","NC","NCL","540","WPR",2013,,,,,,,,,,,,,,,,,,,
"New Zealand","NZ","NZL","554","WPR",2009,,,,,,,,,,,,,1,0,,,1,,
"New Zealand","NZ","NZL","554","WPR",2010,,,,,,,,,,,,,1,0,,,1,,
"New Zealand","NZ","NZL","554","WPR",2011,,,,,,,,,,,,,1,0,,,1,,
"New Zealand","NZ","NZL","554","WPR",2012,,,,,,,,,,,,,1,0,,,1,1,
"New Zealand","NZ","NZL","554","WPR",2013,,,,,,,,,,,,,1,0,,,1,1,1
"Nicaragua","NI","NIC","558","AMR",2009,187,171,143,,2,1,1,1,0,0,,,0,1,,,1,,
"Nicaragua","NI","NIC","558","AMR",2010,186,162,159,,3,1,1,1,,,,,0,1,,,1,,
"Nicaragua","NI","NIC","558","AMR",2011,193,168,165,0,3,1,1,1,0,0,0,0,0,1,,,1,,
"Nicaragua","NI","NIC","558","AMR",2012,192,173,169,192,2,1,1,1,,,0,0,0,1,1,1,1,1,
"Nicaragua","NI","NIC","558","AMR",2013,191,160,158,0,3,1,1,1,0,0,0,0,1,,1,1,1,1,1
"Niger","NE","NER","562","AFR",2009,50,,35,,0,0,,,0,,,,0,1,,,0,,
"Niger","NE","NER","562","AFR",2010,177,54,23,,1,1,1,1,0,0,,,0,1,,,1,,
"Niger","NE","NER","562","AFR",2011,179,57,54,1,1,1,1,1,0,0,0,0,1,1,,,1,,
"Niger","NE","NER","562","AFR",2012,186,165,,2,1,1,1,1,0,0,0,0,0,1,1,,1,1,
"Niger","NE","NER","562","AFR",2013,195,88,72,5,1,1,1,,0,0,1,1,0,1,0,0,1,1,1
"Nigeria","NG","NGA","566","AFR",2009,1025,870,843,,4,3,2,2,2,1,,,0,1,,,1,,
"Nigeria","NG","NGA","566","AFR",2010,1025,937,902,,5,4,3,3,3,3,,,0,1,,,1,,
"Nigeria","NG","NGA","566","AFR",2011,1229,956,927,23,5,4,4,4,3,3,8,0,0,1,,,1,,
"Nigeria","NG","NGA","566","AFR",2012,1314,1031,990,30,5,3,3,3,4,0,32,0,0,1,1,1,1,1,
"Nigeria","NG","NGA","566","AFR",2013,1515,1261,1257,207,5,3,3,3,4,4,49,22,0,1,1,1,1,1,1
"Niue","NU","NIU","570","WPR",2009,,,,,,,,,,,,,0,0,,,1,,
"Niue","NU","NIU","570","WPR",2010,,,,,,,,,,,,,0,1,,,0,,
"Niue","NU","NIU","570","WPR",2011,,,,,,,,,,,,,0,1,,,1,,
"Niue","NU","NIU","570","WPR",2012,,,,,,,,,,,,,,,,,,,
"Niue","NU","NIU","570","WPR",2013,,,,,,,,,,,,,0,1,,,1,1,1
"Northern Mariana Islands","MP","MNP","580","WPR",2009,1,1,0,,1,1,1,0,0,0,,,0,1,,,0,,
"Northern Mariana Islands","MP","MNP","580","WPR",2010,1,1,0,,1,1,1,0,0,0,,,0,1,,,0,,
"Northern Mariana Islands","MP","MNP","580","WPR",2011,,,,,,,,,,,,,0,1,,,0,,
"Northern Mariana Islands","MP","MNP","580","WPR",2012,,,,,,,,,,,,,0,1,,,0,,
"Northern Mariana Islands","MP","MNP","580","WPR",2013,,,,,,,,,,,,,0,1,,,0,,
"Norway","NO","NOR","578","EUR",2009,,,,,,,,,,,,,1,0,,,1,,
"Norway","NO","NOR","578","EUR",2010,18,18,18,,10,3,3,3,4,4,,,1,1,,,1,,
"Norway","NO","NOR","578","EUR",2011,18,18,18,0,10,3,3,3,4,4,0,0,1,1,,,1,,
"Norway","NO","NOR","578","EUR",2012,16,16,16,0,9,3,3,3,4,4,3,3,1,1,0,0,1,1,
"Norway","NO","NOR","578","EUR",2013,16,16,16,0,9,3,3,3,4,4,3,3,1,1,0,0,1,1,1
"Oman","OM","OMN","512","EMR",2009,191,0,0,,10,1,1,1,1,1,,,1,0,,,1,,
"Oman","OM","OMN","512","EMR",2010,249,68,67,,10,1,0,0,0,0,,,1,0,,,1,,
"Oman","OM","OMN","512","EMR",2011,209,36,32,0,9,1,0,0,1,0,0,0,1,0,,,1,,
"Oman","OM","OMN","512","EMR",2012,249,37,35,0,9,1,0,0,1,0,0,0,1,0,1,0,1,1,
"Oman","OM","OMN","512","EMR",2013,,,,,,,,,,,,,1,0,,,1,1,0
"Pakistan","PK","PAK","586","EMR",2009,1159,1005,640,,13,11,8,,0,0,,,1,0,,,1,,
"Pakistan","PK","PAK","586","EMR",2010,1170,1067,738,,14,11,7,5,0,0,,,1,0,,,1,,
"Pakistan","PK","PAK","586","EMR",2011,1187,1107,784,2,12,10,10,7,2,0,16,0,1,0,,,1,,
"Pakistan","PK","PAK","586","EMR",2012,1388,1177,838,4,7,4,4,4,2,0,15,11,1,,1,0,1,1,
"Pakistan","PK","PAK","586","EMR",2013,1396,1345,990,32,11,8,8,8,4,0,32,,1,0,1,1,1,1,0
"Palau","PW","PLW","585","WPR",2009,1,,,,1,1,,,,,,,0,1,,,,,
"Palau","PW","PLW","585","WPR",2010,1,1,0,,1,1,1,1,1,1,,,0,1,,,1,,
"Palau","PW","PLW","585","WPR",2011,1,1,1,1,1,1,1,1,1,1,1,1,0,1,,,1,,
"Palau","PW","PLW","585","WPR",2012,2,2,2,0,1,1,1,1,1,1,1,1,0,1,0,0,1,1,
"Palau","PW","PLW","585","WPR",2013,2,2,2,0,1,1,1,1,1,1,2,2,0,1,1,0,1,1,1
"Panama","PA","PAN","591","AMR",2009,60,59,58,,8,1,1,1,0,,,,0,0,,,1,,
"Panama","PA","PAN","591","AMR",2010,60,60,60,,8,1,1,1,0,0,,,0,0,,,1,,
"Panama","PA","PAN","591","AMR",2011,54,54,53,0,6,1,1,0,1,0,0,0,0,0,,,1,,
"Panama","PA","PAN","591","AMR",2012,55,55,51,0,11,1,1,0,1,0,3,0,0,0,1,1,1,1,
"Panama","PA","PAN","591","AMR",2013,58,49,49,0,12,1,1,1,2,0,6,0,1,1,1,1,1,1,1
"Papua New Guinea","PG","PNG","598","WPR",2009,118,65,,,1,0,0,,,,,,0,1,,,1,,
"Papua New Guinea","PG","PNG","598","WPR",2010,,,,,,,,,,,,,,,,,,,
"Papua New Guinea","PG","PNG","598","WPR",2011,130,73,,0,0,0,0,,0,0,1,0,0,1,,,1,,
"Papua New Guinea","PG","PNG","598","WPR",2012,112,0,,0,0,0,,,0,,6,,,1,0,,1,1,
"Papua New Guinea","PG","PNG","598","WPR",2013,116,69,66,0,0,0,0,0,0,0,12,,0,1,1,,1,1,0
"Paraguay","PY","PRY","600","AMR",2009,103,79,76,,5,1,1,1,0,0,,,1,0,,,1,,
"Paraguay","PY","PRY","600","AMR",2010,105,89,86,,5,1,1,1,0,0,,,1,1,,,1,,
"Paraguay","PY","PRY","600","AMR",2011,115,95,90,0,9,1,1,0,0,0,0,0,1,0,,,1,,
"Paraguay","PY","PRY","600","AMR",2012,121,115,109,28,11,1,1,1,0,0,0,0,1,0,1,1,1,1,
"Paraguay","PY","PRY","600","AMR",2013,133,101,93,0,13,1,1,1,0,0,2,0,1,0,1,1,1,1,0
"Peru","PE","PER","604","AMR",2009,,,,,,,,,,,,,1,,,,1,,
"Peru","PE","PER","604","AMR",2010,1438,1000,1000,,66,6,6,6,1,1,,,1,,,,1,,
"Peru","PE","PER","604","AMR",2011,1527,,,0,66,7,,,1,,0,,1,0,,,1,,
"Peru","PE","PER","604","AMR",2012,1438,1035,994,0,66,11,7,0,1,1,0,0,1,0,0,1,1,1,
"Peru","PE","PER","604","AMR",2013,1600,1035,994,0,60,8,7,7,1,1,,,1,0,1,1,1,1,0
"Philippines","PH","PHL","608","WPR",2009,2000,1855,1733,,9,3,3,3,1,0,,,1,0,,,1,,
"Philippines","PH","PHL","608","WPR",2010,1986,1815,1719,,8,2,2,2,0,0,,,1,0,,,1,,
"Philippines","PH","PHL","608","WPR",2011,1986,1806,1708,0,10,2,2,2,1,0,14,0,1,0,,,1,,
"Philippines","PH","PHL","608","WPR",2012,2565,1790,1687,2,13,3,3,3,1,0,17,0,1,0,1,1,1,1,
"Philippines","PH","PHL","608","WPR",2013,2561,1799,1713,0,18,3,3,2,0,0,16,0,1,,1,1,1,1,0
"Poland","PL","POL","616","EUR",2009,85,85,,,85,47,47,,,,,,1,0,,,1,,
"Poland","PL","POL","616","EUR",2010,85,85,,,85,47,47,,,,,,1,0,,,1,,
"Poland","PL","POL","616","EUR",2011,85,85,85,0,85,47,47,47,11,11,3,3,1,0,,,1,,
"Poland","PL","POL","616","EUR",2012,81,1,1,0,81,46,1,1,11,11,3,,1,,,,1,0,
"Poland","PL","POL","616","EUR",2013,76,0,0,0,76,46,40,40,2,0,9,0,1,,,,1,0,
"Portugal","PT","PRT","620","EUR",2009,,,,,,,,,,,,,1,0,,,1,,
"Portugal","PT","PRT","620","EUR",2010,88,37,34,,88,22,12,12,18,10,,,1,0,,,1,,
"Portugal","PT","PRT","620","EUR",2011,,,,,,,,,,,,,,,,,,,
"Portugal","PT","PRT","620","EUR",2012,48,30,27,,47,22,10,7,,6,,,1,,1,1,1,1,
"Portugal","PT","PRT","620","EUR",2013,54,30,30,,52,29,7,6,17,4,1,1,1,,1,1,1,1,0
"Puerto Rico","PR","PRI","630","AMR",2009,,,,,,,,,,,,,0,1,,,1,,
"Puerto Rico","PR","PRI","630","AMR",2010,,,,,,,,,,,,,0,1,,,1,,
"Puerto Rico","PR","PRI","630","AMR",2011,,,,,,,,,,,,,0,1,,,1,,
"Puerto Rico","PR","PRI","630","AMR",2012,,,,,,,,,,,,,0,1,,,1,1,
"Puerto Rico","PR","PRI","630","AMR",2013,,,,,,,,,,,,,0,1,,,1,1,1
"Qatar","QA","QAT","634","EMR",2009,1,1,1,,1,1,1,1,1,1,,,1,1,,,1,,
"Qatar","QA","QAT","634","EMR",2010,1,1,1,,1,1,1,1,1,1,,,1,1,,,1,,
"Qatar","QA","QAT","634","EMR",2011,1,1,1,0,1,1,1,1,1,1,1,1,1,1,,,1,,
"Qatar","QA","QAT","634","EMR",2012,1,1,1,0,1,1,1,1,1,1,1,1,1,,0,0,1,1,
"Qatar","QA","QAT","634","EMR",2013,,,,,,,,,,,,,,,,,,,
"Republic of Korea","KR","KOR","410","WPR",2009,500,1,1,,500,7,1,1,20,1,,,1,0,,,1,,
"Republic of Korea","KR","KOR","410","WPR",2010,500,1,1,,500,7,1,1,20,1,,,1,,,,1,,
"Republic of Korea","KR","KOR","410","WPR",2011,500,1,1,0,500,7,1,1,20,1,2,1,1,,,,1,,
"Republic of Korea","KR","KOR","410","WPR",2012,500,1,1,,500,7,1,1,20,1,2,1,1,,1,0,1,1,
"Republic of Korea","KR","KOR","410","WPR",2013,600,580,577,8,100,12,10,10,21,21,45,0,1,0,1,0,1,1,1
"Republic of Moldova","MD","MDA","498","EUR",2009,59,50,44,,4,4,4,4,1,0,,,1,0,,,1,,
"Republic of Moldova","MD","MDA","498","EUR",2010,59,50,47,,4,4,4,4,1,0,,,1,1,,,1,,
"Republic of Moldova","MD","MDA","498","EUR",2011,59,30,28,,4,4,4,4,3,3,,,1,,,,1,,
"Republic of Moldova","MD","MDA","498","EUR",2012,59,30,28,0,4,4,4,4,3,3,24,24,1,,0,0,1,0,
"Republic of Moldova","MD","MDA","498","EUR",2013,57,30,30,0,4,4,4,4,4,4,28,28,1,0,0,1,1,1,1
"Romania","RO","ROU","642","EUR",2009,124,67,67,,99,43,43,40,2,0,,,1,0,,,1,,
"Romania","RO","ROU","642","EUR",2010,122,87,87,,97,44,44,35,0,0,,,1,0,,,1,,
"Romania","RO","ROU","642","EUR",2011,113,90,90,1,70,43,43,43,0,0,0,0,1,0,,,1,,
"Romania","RO","ROU","642","EUR",2012,107,83,83,1,91,43,42,39,4,1,0,0,1,1,0,0,1,1,
"Romania","RO","ROU","642","EUR",2013,103,82,82,1,89,43,2,2,5,1,0,0,1,0,0,0,1,1,1
"Russian Federation","RU","RUS","643","EUR",2009,3999,1500,,,397,272,150,,,,,,1,0,,,0,,
"Russian Federation","RU","RUS","643","EUR",2010,,1455,,,,,134,51,,,,,1,0,,,0,,
"Russian Federation","RU","RUS","643","EUR",2011,3746,1237,828,,117,,111,,,,,,1,0,,,0,,
"Russian Federation","RU","RUS","643","EUR",2012,1031,1016,825,,117,110,110,83,,,,,1,0,1,1,0,,
"Russian Federation","RU","RUS","643","EUR",2013,5296,1283,819,272,330,218,126,59,6,0,72,0,1,,1,0,0,,
"Rwanda","RW","RWA","646","AFR",2009,191,184,175,,1,1,1,1,1,1,,,0,0,,,1,,
"Rwanda","RW","RWA","646","AFR",2010,192,190,169,,2,1,1,1,1,1,,,0,0,,,1,,
"Rwanda","RW","RWA","646","AFR",2011,194,194,175,9,2,1,1,1,1,1,,,1,,,,1,,
"Rwanda","RW","RWA","646","AFR",2012,197,197,,25,2,2,2,2,2,2,6,0,1,,1,,1,1,
"Rwanda","RW","RWA","646","AFR",2013,199,199,195,25,3,3,1,1,3,0,16,0,1,0,1,0,1,1,1
"Saint Kitts and Nevis","KN","KNA","659","AMR",2009,,,,,,,,,,,,,0,0,,,0,,
"Saint Kitts and Nevis","KN","KNA","659","AMR",2010,,,,,,,,,,,,,0,0,,,0,,
"Saint Kitts and Nevis","KN","KNA","659","AMR",2011,,,,,,,,,,,,,0,0,,,0,,
"Saint Kitts and Nevis","KN","KNA","659","AMR",2012,,,,,,,,,,,,,0,0,,,0,,
"Saint Kitts and Nevis","KN","KNA","659","AMR",2013,,,,,,,,,,,,,0,1,,,0,,
"Saint Lucia","LC","LCA","662","AMR",2009,,,,,,,,,,,,,1,1,,,1,,
"Saint Lucia","LC","LCA","662","AMR",2010,,,,,,,,,,,,,0,1,,,1,,
"Saint Lucia","LC","LCA","662","AMR",2011,,,,,,,,,,,,,1,1,,,1,,
"Saint Lucia","LC","LCA","662","AMR",2012,,,,,,,,,,,,,0,1,,,1,1,
"Saint Lucia","LC","LCA","662","AMR",2013,,,,,,,,,,,,,0,1,,,1,1,1
"Saint Vincent and the Grenadines","VC","VCT","670","AMR",2009,,,,,,,,,,,,,0,1,,,0,,
"Saint Vincent and the Grenadines","VC","VCT","670","AMR",2010,,,,,,,,,,,,,0,1,,,1,,
"Saint Vincent and the Grenadines","VC","VCT","670","AMR",2011,,,,,,,,,,,,,0,1,,,1,,
"Saint Vincent and the Grenadines","VC","VCT","670","AMR",2012,,,,,,,,,,,,,0,1,,,1,1,
"Saint Vincent and the Grenadines","VC","VCT","670","AMR",2013,,,,,,,,,,,,,0,,,,0,,
"Samoa","WS","WSM","882","WPR",2009,2,1,1,,0,0,0,0,0,0,,,,1,,,1,,
"Samoa","WS","WSM","882","WPR",2010,2,2,2,,0,,,,,,,,,,,,1,,
"Samoa","WS","WSM","882","WPR",2011,,,,,,,,,,,,,0,1,,,1,,
"Samoa","WS","WSM","882","WPR",2012,,,,,,,,,,,,,0,1,,,1,1,
"Samoa","WS","WSM","882","WPR",2013,,,,,,,,,,,,,1,1,,,1,1,1
"San Marino","SM","SMR","674","EUR",2009,,,,,,,,,,,,,,,,,,,
"San Marino","SM","SMR","674","EUR",2010,,,,,,,,,,,,,,,,,,,
"San Marino","SM","SMR","674","EUR",2011,,,,,,,,,,,,,,,,,,,
"San Marino","SM","SMR","674","EUR",2012,,,,,,,,,,,,,,,,,,,
"San Marino","SM","SMR","674","EUR",2013,,,,,,,,,,,,,,,,,,,
"Sao Tome and Principe","ST","STP","678","AFR",2009,2,0,0,,0,0,0,0,0,0,,,0,0,,,1,,
"Sao Tome and Principe","ST","STP","678","AFR",2010,2,0,0,,0,0,0,0,0,0,,,0,0,,,1,,
"Sao Tome and Principe","ST","STP","678","AFR",2011,4,4,4,0,0,0,0,0,0,0,0,0,0,0,,,1,,
"Sao Tome and Principe","ST","STP","678","AFR",2012,8,8,6,0,0,0,0,0,0,0,0,0,0,0,0,1,1,1,
"Sao Tome and Principe","ST","STP","678","AFR",2013,8,8,8,0,0,0,0,0,0,0,0,0,0,0,0,0,1,1,0
"Saudi Arabia","SA","SAU","682","EMR",2009,320,,,,10,10,,,,,,,0,0,,,1,,
"Saudi Arabia","SA","SAU","682","EMR",2010,320,,,,10,10,,,2,,,,0,0,,,1,,
"Saudi Arabia","SA","SAU","682","EMR",2011,90,90,90,1,12,12,12,12,2,,1,,0,0,,,1,,
"Saudi Arabia","SA","SAU","682","EMR",2012,90,90,90,1,12,12,0,0,2,0,8,0,0,0,0,0,1,0,
"Saudi Arabia","SA","SAU","682","EMR",2013,,,,,,,,,,,,,0,1,,,1,0,
"Senegal","SN","SEN","686","AFR",2009,93,70,50,,3,3,0,0,0,0,,,1,0,,,1,,
"Senegal","SN","SEN","686","AFR",2010,93,77,35,,3,3,1,1,0,0,,,1,0,,,1,,
"Senegal","SN","SEN","686","AFR",2011,98,70,64,0,3,1,1,1,0,0,1,0,1,,,,1,,
"Senegal","SN","SEN","686","AFR",2012,108,105,51,0,3,2,2,2,2,1,3,0,1,0,0,1,1,1,
"Senegal","SN","SEN","686","AFR",2013,115,114,82,0,2,2,2,2,2,1,6,1,1,1,1,1,1,1,0
"Serbia","RS","SRB","688","EUR",2009,,,,,,,,,,,,,,,,,,,
"Serbia","RS","SRB","688","EUR",2010,31,21,21,,29,5,4,4,1,0,,,0,1,,,1,,
"Serbia","RS","SRB","688","EUR",2011,31,26,26,0,29,4,3,2,1,0,0,0,0,1,,,1,,
"Serbia","RS","SRB","688","EUR",2012,31,27,26,0,29,4,4,3,1,0,0,0,0,1,1,0,1,1,
"Serbia","RS","SRB","688","EUR",2013,31,30,30,0,29,4,4,4,1,0,0,0,0,1,1,0,1,1,0
"Seychelles","SC","SYC","690","AFR",2009,,,,,,,,,,,,,1,1,,,0,,
"Seychelles","SC","SYC","690","AFR",2010,,,,,,,,,,,,,0,1,,,0,,
"Seychelles","SC","SYC","690","AFR",2011,,,,,,,,,,,,,0,1,,,0,,
"Seychelles","SC","SYC","690","AFR",2012,,,,,,,,,,,,,0,1,,,1,1,
"Seychelles","SC","SYC","690","AFR",2013,,,,,,,,,,,,,0,1,,,1,1,1
"Sierra Leone","SL","SLE","694","AFR",2009,116,112,86,,,,,,,,,,0,0,,,1,,
"Sierra Leone","SL","SLE","694","AFR",2010,148,110,88,,0,0,0,0,0,0,,,0,0,,,1,,
"Sierra Leone","SL","SLE","694","AFR",2011,154,94,88,0,0,0,0,0,0,0,0,0,0,0,,,1,,
"Sierra Leone","SL","SLE","694","AFR",2012,161,102,85,0,0,0,,,0,,0,,0,0,1,1,1,1,
"Sierra Leone","SL","SLE","694","AFR",2013,167,102,74,0,0,0,0,0,0,0,0,0,0,1,1,,1,1,0
"Singapore","SG","SGP","702","WPR",2009,,,,,,,,,,,,,1,0,,,1,,
"Singapore","SG","SGP","702","WPR",2010,,,,,,,,,,,,,1,0,,,1,,
"Singapore","SG","SGP","702","WPR",2011,,,,,,,,,,,,,1,0,,,1,,
"Singapore","SG","SGP","702","WPR",2012,,,,,,,,,,,,,1,0,,,1,0,
"Singapore","SG","SGP","702","WPR",2013,,,,,,,,,,,,,1,0,,,1,0,
"Sint Maarten (Dutch part)","SX","SXM","534","AMR",2010,,,,,,,,,,,,,0,1,,,0,,
"Sint Maarten (Dutch part)","SX","SXM","534","AMR",2011,,,,,,,,,,,,,0,0,,,0,,
"Sint Maarten (Dutch part)","SX","SXM","534","AMR",2012,,,,,,,,,,,,,0,1,,,0,,
"Sint Maarten (Dutch part)","SX","SXM","534","AMR",2013,,,,,,,,,,,,,0,1,,,0,,
"Slovakia","SK","SVK","703","EUR",2009,,,,,,,,,,,,,1,0,,,1,,
"Slovakia","SK","SVK","703","EUR",2010,7,2,1,,7,2,2,1,2,2,,,1,1,,,1,,
"Slovakia","SK","SVK","703","EUR",2011,5,4,4,4,5,2,2,2,0,0,0,0,1,0,,,1,,
"Slovakia","SK","SVK","703","EUR",2012,7,5,5,1,7,2,2,2,2,2,2,2,1,1,1,1,1,1,
"Slovakia","SK","SVK","703","EUR",2013,,,,,,,,,,,,,1,0,,,1,1,1
"Slovenia","SI","SVN","705","EUR",2009,,,,,,,,,,,,,1,0,,,1,,
"Slovenia","SI","SVN","705","EUR",2010,3,3,3,,3,1,1,1,1,1,,,1,1,,,1,,
"Slovenia","SI","SVN","705","EUR",2011,3,3,3,0,3,1,1,1,1,1,1,1,1,1,,,1,,
"Slovenia","SI","SVN","705","EUR",2012,3,3,3,2,3,1,1,1,1,1,1,1,1,1,0,0,1,1,
"Slovenia","SI","SVN","705","EUR",2013,3,3,3,0,3,1,1,1,1,1,1,1,1,1,0,0,1,1,1
"Solomon Islands","SB","SLB","090","WPR",2009,9,0,0,,0,0,0,0,0,0,,,0,1,,,0,,
"Solomon Islands","SB","SLB","090","WPR",2010,9,0,0,,0,0,0,0,0,0,,,0,1,,,0,,
"Solomon Islands","SB","SLB","090","WPR",2011,9,9,9,0,0,0,0,0,0,0,0,0,0,1,,,1,,
"Solomon Islands","SB","SLB","090","WPR",2012,8,0,0,0,0,0,0,0,0,0,0,0,0,1,1,1,1,1,
"Solomon Islands","SB","SLB","090","WPR",2013,8,0,0,3,0,0,0,0,0,0,0,0,0,1,1,1,1,1,0
"Somalia","SO","SOM","706","EMR",2009,52,0,0,,0,0,0,0,0,0,,,0,0,,,0,,
"Somalia","SO","SOM","706","EMR",2010,63,13,11,,0,0,0,0,0,0,,,0,1,,,0,,
"Somalia","SO","SOM","706","EMR",2011,66,25,23,0,0,0,0,0,0,0,0,0,0,0,,,0,,
"Somalia","SO","SOM","706","EMR",2012,65,25,25,0,0,0,0,0,0,0,3,3,0,0,1,1,0,,
"Somalia","SO","SOM","706","EMR",2013,68,42,39,10,0,0,0,0,0,0,9,9,0,1,0,0,0,,
"South Africa","ZA","ZAF","710","AFR",2009,248,248,235,,16,16,16,14,8,0,,,1,1,,,1,,
"South Africa","ZA","ZAF","710","AFR",2010,256,,,,15,15,,,14,,,,1,,,,1,,
"South Africa","ZA","ZAF","710","AFR",2011,244,244,244,,15,15,15,15,10,,55,,1,,,,1,,
"South Africa","ZA","ZAF","710","AFR",2012,187,181,175,181,15,15,15,14,15,15,100,0,1,0,1,1,1,1,
"South Africa","ZA","ZAF","710","AFR",2013,207,160,149,207,15,15,15,15,15,15,207,173,1,0,0,1,1,1,1
"South Sudan","SS","SSD","728","AFR",2011,65,0,0,0,0,0,0,0,0,0,0,0,0,1,,,0,,
"South Sudan","SS","SSD","728","AFR",2012,68,,,,,,,,,,,,0,1,1,1,0,,
"South Sudan","SS","SSD","728","AFR",2013,82,26,12,0,0,0,0,0,0,0,0,0,0,0,1,1,0,,
"Spain","ES","ESP","724","EUR",2009,,,,,,,,,,,,,1,0,,,1,,
"Spain","ES","ESP","724","EUR",2010,,,,,,,,,,,,,1,,,,1,,
"Spain","ES","ESP","724","EUR",2011,,,,,,,,,,,,,1,,,,1,,
"Spain","ES","ESP","724","EUR",2012,,,,,,,,,,,,,1,,,,1,1,
"Spain","ES","ESP","724","EUR",2013,,,,,,,,,,,,,1,,,,1,1,1
"Sri Lanka","LK","LKA","144","SEA",2009,167,167,147,,1,1,1,,0,0,,,0,1,,,1,,
"Sri Lanka","LK","LKA","144","SEA",2010,178,178,161,,2,1,0,0,0,0,,,0,0,,,1,,
"Sri Lanka","LK","LKA","144","SEA",2011,203,176,176,0,2,1,1,1,0,0,0,0,0,1,,,1,,
"Sri Lanka","LK","LKA","144","SEA",2012,213,207,189,0,3,1,1,1,1,0,1,0,0,1,1,1,1,1,
"Sri Lanka","LK","LKA","144","SEA",2013,214,190,180,0,3,1,1,1,1,0,1,0,0,1,1,1,1,1,0
"Sudan","SD","SDN","729","EMR",2009,377,135,78,,1,1,1,1,0,0,,,0,0,,,1,,
"Sudan","SD","SDN","729","EMR",2010,394,320,175,,,1,1,1,,,,,0,1,,,1,,
"Sudan","SD","SDN","729","EMR",2011,227,159,114,1,1,1,1,1,0,0,0,0,1,,,,1,,
"Sudan","SD","SDN","729","EMR",2012,316,175,114,1,1,1,0,0,0,0,0,0,0,0,1,1,1,1,
"Sudan","SD","SDN","729","EMR",2013,331,202,115,1,1,1,1,1,1,1,0,0,0,0,1,1,1,1,0
"Suriname","SR","SUR","740","AMR",2009,,,,,,,,,,,,,0,1,,,1,,
"Suriname","SR","SUR","740","AMR",2010,3,3,3,,1,0,0,0,0,0,,,0,1,,,1,,
"Suriname","SR","SUR","740","AMR",2011,3,3,3,0,1,0,0,0,0,0,0,0,0,0,,,1,,
"Suriname","SR","SUR","740","AMR",2012,3,3,2,0,1,0,0,0,0,0,2,,0,1,0,1,1,1,
"Suriname","SR","SUR","740","AMR",2013,3,2,1,0,1,0,0,,0,0,2,0,0,0,0,1,1,1,
"Swaziland","SZ","SWZ","748","AFR",2009,19,12,12,,1,1,1,1,0,0,,,0,1,,,1,,
"Swaziland","SZ","SWZ","748","AFR",2010,16,12,10,,1,1,1,1,0,0,,,0,1,,,1,,
"Swaziland","SZ","SWZ","748","AFR",2011,17,17,16,6,1,1,1,1,1,1,4,,,1,,,1,,
"Swaziland","SZ","SWZ","748","AFR",2012,19,19,15,4,1,1,1,1,1,1,19,19,,1,1,1,1,1,
"Swaziland","SZ","SWZ","748","AFR",2013,18,18,17,3,1,1,1,1,1,1,18,0,0,0,0,0,1,0,1
"Sweden","SE","SWE","752","EUR",2009,,,,,,,,,,,,,,,,,,,
"Sweden","SE","SWE","752","EUR",2010,5,5,5,,5,5,5,5,5,5,,,1,0,,,1,,
"Sweden","SE","SWE","752","EUR",2011,5,5,5,2,5,5,5,5,5,4,0,,1,0,,,1,,
"Sweden","SE","SWE","752","EUR",2012,5,5,5,,5,5,5,5,5,5,0,0,1,0,0,1,1,1,
"Sweden","SE","SWE","752","EUR",2013,5,5,5,,5,5,5,5,5,5,0,0,1,0,0,1,1,1,
"Switzerland","CH","CHE","756","EUR",2009,,,,,,,,,,,,,1,0,,,1,,
"Switzerland","CH","CHE","756","EUR",2010,42,42,40,,24,10,10,9,,,,,1,0,,,1,,
"Switzerland","CH","CHE","756","EUR",2011,42,42,40,,24,10,10,7,0,0,14,0,1,0,,,1,,
"Switzerland","CH","CHE","756","EUR",2012,40,40,38,,23,10,10,9,,,14,,1,0,1,1,1,0,
"Switzerland","CH","CHE","756","EUR",2013,40,40,38,,23,10,10,8,,,14,,1,0,1,1,1,0,1
"Syrian Arab Republic","SY","SYR","760","EMR",2009,557,69,0,,1,1,1,0,1,1,,,1,0,,,1,,
"Syrian Arab Republic","SY","SYR","760","EMR",2010,557,69,0,,4,1,1,0,1,1,,,1,0,,,1,,
"Syrian Arab Republic","SY","SYR","760","EMR",2011,557,100,,,4,1,1,,1,1,,,0,0,,,1,,
"Syrian Arab Republic","SY","SYR","760","EMR",2012,300,100,,,1,1,1,1,1,1,0,0,0,0,1,1,1,1,
"Syrian Arab Republic","SY","SYR","760","EMR",2013,100,0,0,1,1,1,1,1,1,1,0,0,0,0,1,1,1,1,1
"Tajikistan","TJ","TJK","762","EUR",2009,97,94,63,,1,1,1,1,0,0,,,0,1,,,1,,
"Tajikistan","TJ","TJK","762","EUR",2010,93,93,43,,3,1,1,1,0,0,,,0,1,,,1,,
"Tajikistan","TJ","TJK","762","EUR",2011,92,92,45,0,3,1,1,1,2,0,2,0,0,1,,,1,,
"Tajikistan","TJ","TJK","762","EUR",2012,89,89,66,4,3,1,1,1,1,1,3,3,1,0,0,1,1,1,
"Tajikistan","TJ","TJK","762","EUR",2013,87,87,69,4,4,1,1,1,2,2,11,11,1,1,0,0,1,1,0
"Thailand","TH","THA","764","SEA",2009,1101,900,890,,64,15,12,12,2,2,,,1,1,,,1,,
"Thailand","TH","THA","764","SEA",2010,1081,865,865,,65,15,15,15,2,0,,,1,0,,,1,,
"Thailand","TH","THA","764","SEA",2011,1100,990,973,6,65,15,15,15,2,0,11,0,1,1,,,1,,
"Thailand","TH","THA","764","SEA",2012,1081,970,875,65,65,18,18,18,12,0,14,0,1,0,1,1,1,1,
"Thailand","TH","THA","764","SEA",2013,1081,970,875,65,65,18,18,18,12,0,14,0,1,0,1,1,1,1,1
"The Former Yugoslav Republic of Macedonia","MK","MKD","807","EUR",2009,10,10,10,,3,1,1,1,0,0,,,0,0,,,1,,
"The Former Yugoslav Republic of Macedonia","MK","MKD","807","EUR",2010,10,10,10,,3,1,1,1,0,0,,,0,1,,,1,,
"The Former Yugoslav Republic of Macedonia","MK","MKD","807","EUR",2011,8,8,8,0,5,1,1,1,0,0,0,0,0,1,,,1,,
"The Former Yugoslav Republic of Macedonia","MK","MKD","807","EUR",2012,7,7,7,0,3,1,0,0,0,0,0,0,0,1,0,0,1,1,
"The Former Yugoslav Republic of Macedonia","MK","MKD","807","EUR",2013,7,7,7,0,3,1,0,0,0,0,0,0,0,1,0,1,1,1,0
"Timor-Leste","TL","TLS","626","SEA",2009,19,19,19,,0,0,0,0,0,0,,,0,1,,,1,,
"Timor-Leste","TL","TLS","626","SEA",2010,,,,,,,,,,,,,,,,,,,
"Timor-Leste","TL","TLS","626","SEA",2011,19,19,19,0,0,0,,,0,,0,,0,1,,,1,,
"Timor-Leste","TL","TLS","626","SEA",2012,18,18,18,,,,,,,,1,,0,0,1,1,1,1,
"Timor-Leste","TL","TLS","626","SEA",2013,18,,,0,0,0,,,0,,1,1,0,1,1,1,1,1,1
"Togo","TG","TGO","768","AFR",2009,110,110,101,,1,1,1,1,0,0,,,0,0,,,1,,
"Togo","TG","TGO","768","AFR",2010,111,59,59,,1,1,1,1,1,1,,,0,0,,,1,,
"Togo","TG","TGO","768","AFR",2011,115,59,59,1,1,1,1,1,0,0,0,0,0,0,,,1,,
"Togo","TG","TGO","768","AFR",2012,111,59,57,0,1,1,1,1,0,0,1,1,0,0,1,1,1,1,
"Togo","TG","TGO","768","AFR",2013,59,0,0,0,1,1,1,1,0,0,1,,0,0,1,1,1,1,0
"Tokelau","TK","TKL","772","WPR",2009,,,,,,,,,,,,,,,,,,,
"Tokelau","TK","TKL","772","WPR",2010,,,,,,,,,,,,,0,1,,,1,,
"Tokelau","TK","TKL","772","WPR",2011,,,,,,,,,,,,,0,0,,,0,,
"Tokelau","TK","TKL","772","WPR",2012,,,,,,,,,,,,,,,,,,,
"Tokelau","TK","TKL","772","WPR",2013,,,,,,,,,,,,,0,1,,,1,1,
"Tonga","TO","TON","776","WPR",2009,1,1,1,,0,0,0,0,0,0,,,0,1,,,1,,
"Tonga","TO","TON","776","WPR",2010,1,1,1,,0,0,0,0,0,0,,,0,1,,,1,,
"Tonga","TO","TON","776","WPR",2011,,,,,,,,,,,,,0,1,,,1,,
"Tonga","TO","TON","776","WPR",2012,,,,,,,,,,,,,0,1,,,1,0,
"Tonga","TO","TON","776","WPR",2013,,,,,,,,,,,,,0,1,,,1,1,1
"Trinidad and Tobago","TT","TTO","780","AMR",2009,,,,,,,,,,,,,0,0,,,1,,
"Trinidad and Tobago","TT","TTO","780","AMR",2010,,,,,,,,,,,,,0,1,,,1,,
"Trinidad and Tobago","TT","TTO","780","AMR",2011,,,,,,,,,,,,,0,0,,,1,,
"Trinidad and Tobago","TT","TTO","780","AMR",2012,,,,,,,,,,,,,1,1,,,1,0,
"Trinidad and Tobago","TT","TTO","780","AMR",2013,,,,,,,,,,,,,1,1,,,1,1,1
"Tunisia","TN","TUN","788","EMR",2009,66,33,31,,7,5,5,5,3,3,,,1,0,,,1,,
"Tunisia","TN","TUN","788","EMR",2010,64,62,47,,11,5,,,,,,,,,,,,,
"Tunisia","TN","TUN","788","EMR",2011,75,75,58,0,11,5,0,0,0,0,0,0,1,0,,,1,,
"Tunisia","TN","TUN","788","EMR",2012,75,75,58,0,11,5,2,2,1,1,2,0,1,0,0,1,1,1,
"Tunisia","TN","TUN","788","EMR",2013,75,75,64,5,11,5,5,5,1,1,2,2,1,0,1,1,1,1,1
"Turkey","TR","TUR","792","EUR",2009,161,16,,,37,23,18,,0,0,,,1,0,,,1,,
"Turkey","TR","TUR","792","EUR",2010,416,69,,,172,69,29,,19,7,,,1,0,,,1,,
"Turkey","TR","TUR","792","EUR",2011,389,72,,,156,71,33,,9,,18,,1,0,,,1,,
"Turkey","TR","TUR","792","EUR",2012,384,77,,,158,76,42,,9,0,18,0,1,0,1,1,1,1,
"Turkey","TR","TUR","792","EUR",2013,383,83,80,19,153,79,52,52,5,,19,,1,0,1,1,1,1,1
"Turkmenistan","TM","TKM","795","EUR",2009,61,1,1,,1,1,1,1,1,,,,1,0,,,1,,
"Turkmenistan","TM","TKM","795","EUR",2010,61,61,57,,2,1,1,1,2,,,,0,0,,,1,,
"Turkmenistan","TM","TKM","795","EUR",2011,61,61,61,1,2,1,0,,2,0,0,,0,0,,,1,,
"Turkmenistan","TM","TKM","795","EUR",2012,63,63,63,5,2,1,,,2,,0,,0,0,0,0,1,1,
"Turkmenistan","TM","TKM","795","EUR",2013,61,61,61,6,3,3,1,,2,0,4,0,0,0,0,0,1,1,0
"Turks and Caicos Islands","TC","TCA","796","AMR",2009,,,,,,,,,,,,,,,,,,,
"Turks and Caicos Islands","TC","TCA","796","AMR",2010,,,,,,,,,,,,,,1,,,1,,
"Turks and Caicos Islands","TC","TCA","796","AMR",2011,,,,,,,,,,,,,0,1,,,1,,
"Turks and Caicos Islands","TC","TCA","796","AMR",2012,,,,,,,,,,,,,,,,,,,
"Turks and Caicos Islands","TC","TCA","796","AMR",2013,,,,,,,,,,,,,0,1,,,0,,
"Tuvalu","TV","TUV","798","WPR",2009,1,1,1,,0,0,0,,0,0,,,0,0,,,1,,
"Tuvalu","TV","TUV","798","WPR",2010,1,1,1,,0,0,0,0,0,0,,,0,1,,,1,,
"Tuvalu","TV","TUV","798","WPR",2011,,,,,,,,,,,,,0,,,,1,,
"Tuvalu","TV","TUV","798","WPR",2012,,,,,,,,,,,,,0,1,,,1,1,
"Tuvalu","TV","TUV","798","WPR",2013,,,,,,,,,,,,,0,1,,,1,1,1
"Uganda","UG","UGA","800","AFR",2009,829,810,566,,6,4,2,2,2,0,,,1,0,,,1,,
"Uganda","UG","UGA","800","AFR",2010,954,888,729,,8,4,3,1,3,2,,,1,0,,,1,,
"Uganda","UG","UGA","800","AFR",2011,1081,957,650,11,7,8,3,3,8,0,18,0,1,0,,,1,,
"Uganda","UG","UGA","800","AFR",2012,1152,1042,896,95,4,4,4,4,4,2,25,13,1,,1,1,1,1,
"Uganda","UG","UGA","800","AFR",2013,1333,1170,767,63,4,4,3,3,2,1,37,1,1,,1,1,1,1,1
"Ukraine","UA","UKR","804","EUR",2009,1011,,,,103,46,1,1,0,,,,1,0,,,1,,
"Ukraine","UA","UKR","804","EUR",2010,1011,291,,,103,46,1,1,,,,,1,0,,,1,,
"Ukraine","UA","UKR","804","EUR",2011,859,,,,82,42,28,23,0,0,0,0,1,,,,1,,
"Ukraine","UA","UKR","804","EUR",2012,821,290,290,38,86,41,28,28,0,0,15,,1,,0,0,1,1,
"Ukraine","UA","UKR","804","EUR",2013,808,663,663,,81,32,,,3,,15,,1,,0,0,1,1,0
"United Arab Emirates","AE","ARE","784","EMR",2009,,,,,,,,,,,,,1,,,,,,
"United Arab Emirates","AE","ARE","784","EMR",2010,,,,,,,,,,,,,0,0,,,0,,
"United Arab Emirates","AE","ARE","784","EMR",2011,,,,,,,,,,,,,1,1,,,0,,
"United Arab Emirates","AE","ARE","784","EMR",2012,,,,,,,,,,,,,1,,,,0,,
"United Arab Emirates","AE","ARE","784","EMR",2013,,,,,,,,,,,,,1,0,,,0,,
"United Kingdom of Great Britain and Northern Ireland","GB","GBR","826","EUR",2009,,,,,,,,,,,,,1,0,,,1,,
"United Kingdom of Great Britain and Northern Ireland","GB","GBR","826","EUR",2010,199,195,193,,124,7,6,6,10,,,,1,0,,,1,,
"United Kingdom of Great Britain and Northern Ireland","GB","GBR","826","EUR",2011,193,193,192,,126,21,21,21,12,,16,,1,0,,,1,,
"United Kingdom of Great Britain and Northern Ireland","GB","GBR","826","EUR",2012,,,,,,,,,,,,,1,,1,1,1,1,
"United Kingdom of Great Britain and Northern Ireland","GB","GBR","826","EUR",2013,,,,,,7,,,,,,,1,,1,1,1,1,1
"United Republic of Tanzania","TZ","TZA","834","AFR",2009,700,40,25,,1,1,1,1,0,0,,,0,1,,,1,,
"United Republic of Tanzania","TZ","TZA","834","AFR",2010,720,504,108,,4,2,2,2,2,2,,,1,1,,,1,,
"United Republic of Tanzania","TZ","TZA","834","AFR",2011,945,13,4,26,5,1,1,1,1,0,6,0,1,1,,,1,,
"United Republic of Tanzania","TZ","TZA","834","AFR",2012,945,,,156,4,1,1,1,3,3,13,4,1,,1,1,1,1,
"United Republic of Tanzania","TZ","TZA","834","AFR",2013,945,,,156,5,1,1,1,3,3,35,,1,0,1,1,1,1,1
"United States of America","US","USA","840","AMR",2009,,,,,,,,,,,,,1,0,,,1,,
"United States of America","US","USA","840","AMR",2010,,,,,,,,,,,,,1,0,,,1,,
"United States of America","US","USA","840","AMR",2011,,,,,,,,,,,,,1,0,,,1,,
"United States of America","US","USA","840","AMR",2012,,,,,,,,,,,,,1,0,,,1,,
"United States of America","US","USA","840","AMR",2013,,,,,,,,,,,,,1,0,,,1,,
"Uruguay","UY","URY","858","AMR",2009,,,,,,,,,,,,,0,0,,,1,,
"Uruguay","UY","URY","858","AMR",2010,1,1,1,,1,1,1,1,0,0,,,0,1,,,0,,
"Uruguay","UY","URY","858","AMR",2011,1,1,1,1,1,1,1,1,1,1,0,0,0,1,,,0,,
"Uruguay","UY","URY","858","AMR",2012,1,0,0,1,1,1,1,1,1,0,0,0,0,1,0,0,1,1,
"Uruguay","UY","URY","858","AMR",2013,1,1,1,1,1,1,1,1,1,1,1,1,0,1,1,1,1,1,1
"US Virgin Islands","VI","VIR","850","AMR",2009,,,,,,,,,,,,,,,,,,,
"US Virgin Islands","VI","VIR","850","AMR",2010,,,,,,,,,,,,,,,,,,,
"US Virgin Islands","VI","VIR","850","AMR",2011,,,,,,,,,,,,,,,,,,,
"US Virgin Islands","VI","VIR","850","AMR",2012,,,,,,,,,,,,,,,,,,,
"US Virgin Islands","VI","VIR","850","AMR",2013,,,,,,,,,,,,,,,,,,,
"Uzbekistan","UZ","UZB","860","EUR",2009,317,276,276,,2,2,2,2,2,2,,,1,0,,,1,,
"Uzbekistan","UZ","UZB","860","EUR",2010,312,301,284,,4,2,2,2,2,2,,,1,0,,,1,,
"Uzbekistan","UZ","UZB","860","EUR",2011,320,320,296,2,7,2,2,2,3,2,0,0,1,0,,,1,,
"Uzbekistan","UZ","UZB","860","EUR",2012,291,270,253,3,7,3,3,3,3,2,7,7,1,0,0,1,1,1,
"Uzbekistan","UZ","UZB","860","EUR",2013,305,281,254,2,7,2,2,2,3,2,11,11,1,0,0,0,1,1,0
"Vanuatu","VU","VUT","548","WPR",2009,6,1,,,0,0,0,0,0,0,,,0,1,,,0,,
"Vanuatu","VU","VUT","548","WPR",2010,11,8,,,0,0,0,0,0,0,,,0,1,,,1,,
"Vanuatu","VU","VUT","548","WPR",2011,11,,,0,0,0,0,0,0,0,0,0,0,0,,,1,,
"Vanuatu","VU","VUT","548","WPR",2012,10,1,1,10,0,0,0,0,0,0,0,0,0,1,0,0,1,1,
"Vanuatu","VU","VUT","548","WPR",2013,11,0,0,10,0,0,0,0,0,0,0,0,0,1,0,0,1,1,0
"Venezuela (Bolivarian Republic of)","VE","VEN","862","AMR",2009,564,245,84,,19,1,1,1,0,0,,,1,0,,,1,,
"Venezuela (Bolivarian Republic of)","VE","VEN","862","AMR",2010,569,226,196,,21,1,1,1,0,0,,,1,0,,,1,,
"Venezuela (Bolivarian Republic of)","VE","VEN","862","AMR",2011,553,222,90,0,22,1,1,1,0,0,0,0,1,0,,,1,,
"Venezuela (Bolivarian Republic of)","VE","VEN","862","AMR",2012,251,162,137,0,21,1,1,1,1,0,0,0,1,0,1,1,1,1,
"Venezuela (Bolivarian Republic of)","VE","VEN","862","AMR",2013,263,130,112,0,16,1,1,1,1,1,2,2,1,0,1,1,1,1,1
"Viet Nam","VN","VNM","704","WPR",2009,800,800,725,,23,2,0,0,2,0,,,1,0,,,1,,
"Viet Nam","VN","VNM","704","WPR",2010,800,800,720,,23,2,0,0,2,0,,,1,0,,,1,,
"Viet Nam","VN","VNM","704","WPR",2011,800,800,720,2,25,2,2,2,2,2,2,2,1,0,,,1,,
"Viet Nam","VN","VNM","704","WPR",2012,800,800,720,2,25,2,2,2,2,2,22,22,1,0,0,1,1,1,
"Viet Nam","VN","VNM","704","WPR",2013,975,956,872,24,24,2,2,2,2,0,27,22,1,0,1,1,1,1,1
"Wallis and Futuna Islands","WF","WLF","876","WPR",2009,,,,,,,,,,,,,,1,,,0,,
"Wallis and Futuna Islands","WF","WLF","876","WPR",2010,,,,,,,,,,,,,,,,,,,
"Wallis and Futuna Islands","WF","WLF","876","WPR",2011,,,,,,,,,,,,,0,0,,,1,,
"Wallis and Futuna Islands","WF","WLF","876","WPR",2012,,,,,,,,,,,,,,,,,,,
"Wallis and Futuna Islands","WF","WLF","876","WPR",2013,,,,,,,,,,,,,,1,,,1,1,1
"West Bank and Gaza Strip","PS","PSE","275","EMR",2009,5,0,0,,1,0,0,0,0,0,,,0,1,,,0,,
"West Bank and Gaza Strip","PS","PSE","275","EMR",2010,63,2,2,,1,0,0,0,0,0,,,0,0,,,1,,
"West Bank and Gaza Strip","PS","PSE","275","EMR",2011,63,2,2,0,1,0,0,0,0,0,,,0,0,,,1,,
"West Bank and Gaza Strip","PS","PSE","275","EMR",2012,63,2,2,0,1,0,0,0,0,0,0,0,0,0,0,1,1,1,
"West Bank and Gaza Strip","PS","PSE","275","EMR",2013,,,,,,,,,,,,,,,,,,,
"Yemen","YE","YEM","887","EMR",2009,265,265,220,,4,2,2,2,,,,,0,0,,,1,,
"Yemen","YE","YEM","887","EMR",2010,196,196,189,,4,2,2,2,0,0,,,0,0,,,1,,
"Yemen","YE","YEM","887","EMR",2011,265,192,,,,,,,,,,,0,0,,,1,,
"Yemen","YE","YEM","887","EMR",2012,240,229,,,4,2,,,,,,,0,0,0,1,1,0,
"Yemen","YE","YEM","887","EMR",2013,232,232,209,,4,4,0,0,0,0,0,0,0,0,0,0,1,0,
"Zambia","ZM","ZMB","894","AFR",2009,223,92,58,,,3,3,3,0,0,,,0,0,,,1,,
"Zambia","ZM","ZMB","894","AFR",2010,,,,,,,,,,,,,0,0,,,1,,
"Zambia","ZM","ZMB","894","AFR",2011,,,,,,,,,,,,,,,,,,,
"Zambia","ZM","ZMB","894","AFR",2012,217,,,3,3,,,,,,,,1,0,1,1,1,1,
"Zambia","ZM","ZMB","894","AFR",2013,364,,,3,3,,,,,,,,1,0,1,1,1,1,1
"Zimbabwe","ZW","ZWE","716","AFR",2009,126,126,115,,1,1,0,0,0,0,,,0,0,,,1,,
"Zimbabwe","ZW","ZWE","716","AFR",2010,117,93,71,,2,2,2,2,0,0,,,0,0,,,1,,
"Zimbabwe","ZW","ZWE","716","AFR",2011,151,124,120,4,2,2,2,2,0,0,11,0,0,0,,,1,,
"Zimbabwe","ZW","ZWE","716","AFR",2012,185,148,131,2,2,2,2,2,0,0,17,0,0,0,1,1,1,1,
"Zimbabwe","ZW","ZWE","716","AFR",2013,211,187,177,2,2,2,2,2,1,0,58,0,1,1,1,1,1,1,1
